image_id,pred_lat,pred_lon,pred_radius_km
34f65e00cc3df67d.jpg,0.0,0.0,1000.0
14fabfc3e0d31fc7.jpg,0.0,0.0,1000.0
88a891ffc6beabac.jpg,0.0,0.0,1000.0
f8bec9bfff55065d.jpg,0.0,0.0,1000.0
d16ea14697a3c421.jpg,0.0,0.0,1000.0
3b2cef528f285b83.jpg,0.0,0.0,1000.0
af38392885b9f454.jpg,0.0,0.0,1000.0
1574541bd6040c32.jpg,0.0,0.0,1000.0
5ac5f6f7964b4624.jpg,0.0,0.0,1000.0
f7b90fe9a5323a50.jpg,0.0,0.0,1000.0
8567875889197d47.jpg,0.0,0.0,1000.0
33bf3dceb726df58.jpg,0.0,0.0,1000.0
c943abb2a4ac7741.jpg,0.0,0.0,1000.0
d46ff5303889ff4d.jpg,0.0,0.0,1000.0
892042bf38e73cc3.jpg,0.0,0.0,1000.0
fcfa7058b5d5c0e7.jpg,0.0,0.0,1000.0
4266469407262b4a.jpg,0.0,0.0,1000.0
ea26fa4f04e88fa3.jpg,0.0,0.0,1000.0
6207606b1fc8f6b0.jpg,0.0,0.0,1000.0
b0aa0881d1990b4b.jpg,0.0,0.0,1000.0
e83871c9d080af07.jpg,0.0,0.0,1000.0
133548540cf07db3.jpg,0.0,0.0,1000.0
3e34a3d8ea8deaca.jpg,0.0,0.0,1000.0
f718ea9ec9a3beca.jpg,0.0,0.0,1000.0
16c4c297bef775dd.jpg,0.0,0.0,1000.0
51912bec686620c8.jpg,0.0,0.0,1000.0
fefd6a85a57fee67.jpg,0.0,0.0,1000.0
6133dc15a3fda329.jpg,0.0,0.0,1000.0
2a3e86ed37f2e785.jpg,0.0,0.0,1000.0
5d013fe615f9c02b.jpg,0.0,0.0,1000.0
ea5fd67dc2a031bf.jpg,0.0,0.0,1000.0
7daabc43ae3cfeef.jpg,0.0,0.0,1000.0
e8d60fad29e6e7d1.jpg,0.0,0.0,1000.0
6d31323716b2543d.jpg,0.0,0.0,1000.0
633a1a0f1cd91f4e.jpg,0.0,0.0,1000.0
7b83f47144755189.jpg,0.0,0.0,1000.0
715dda842ee80399.jpg,0.0,0.0,1000.0
59a1a27b93eddee4.jpg,0.0,0.0,1000.0
956eb6f64059d2a0.jpg,0.0,0.0,1000.0
bb3f975bfd39d0d6.jpg,0.0,0.0,1000.0
a7c1acfca476af15.jpg,0.0,0.0,1000.0
104d793a3274a0e0.jpg,0.0,0.0,1000.0
88029ef36f8b0d99.jpg,0.0,0.0,1000.0
f558054b0967f296.jpg,0.0,0.0,1000.0
a0261b31d0ae3fb2.jpg,0.0,0.0,1000.0
518803a63f4ce86a.jpg,0.0,0.0,1000.0
02e753995218eb01.jpg,0.0,0.0,1000.0
775e381ca758a326.jpg,0.0,0.0,1000.0
89296c7310066328.jpg,0.0,0.0,1000.0
50b237d2c8021150.jpg,0.0,0.0,1000.0
49f376ffef8eda62.jpg,0.0,0.0,1000.0
9ae4fd7a87131d9a.jpg,0.0,0.0,1000.0
af2e85f30019b307.jpg,0.0,0.0,1000.0
fd3d9443a18084bf.jpg,0.0,0.0,1000.0
231b092e9e491787.jpg,0.0,0.0,1000.0
cd07d241a4184cad.jpg,0.0,0.0,1000.0
722e54382a6c9e09.jpg,0.0,0.0,1000.0
ab64ffa046f57986.jpg,0.0,0.0,1000.0
7b7814e2e48aaa80.jpg,0.0,0.0,1000.0
1787c59443f01363.jpg,0.0,0.0,1000.0
b8194b18e57a8d91.jpg,0.0,0.0,1000.0
d712102e02330adc.jpg,0.0,0.0,1000.0
9b281d4cde3b71cc.jpg,0.0,0.0,1000.0
63148d85e921762d.jpg,0.0,0.0,1000.0
24d3fe0a3571a6ed.jpg,0.0,0.0,1000.0
3cc61982a463034d.jpg,0.0,0.0,1000.0
9b923862031282cb.jpg,0.0,0.0,1000.0
3a552942049dc5c7.jpg,0.0,0.0,1000.0
6ca51647448fd25c.jpg,0.0,0.0,1000.0
ead93539226a9aee.jpg,0.0,0.0,1000.0
09ddfb396c26f59e.jpg,0.0,0.0,1000.0
78d20d204981e413.jpg,0.0,0.0,1000.0
eaf94067b669152e.jpg,0.0,0.0,1000.0
e80412781e258776.jpg,0.0,0.0,1000.0
c485f946d04f40e0.jpg,0.0,0.0,1000.0
9847db775d791efa.jpg,0.0,0.0,1000.0
10ffb9fa9571d2c6.jpg,0.0,0.0,1000.0
f416e2652b0ad76b.jpg,0.0,0.0,1000.0
3ea1ff7e1f770ea8.jpg,0.0,0.0,1000.0
d3c332ebc9eda5d5.jpg,0.0,0.0,1000.0
8d4f713ab1dbff42.jpg,0.0,0.0,1000.0
a7450f805ece6d82.jpg,0.0,0.0,1000.0
61ad491ea3206aa0.jpg,0.0,0.0,1000.0
0b8a70baf877d305.jpg,0.0,0.0,1000.0
68c905b8cd2f0aa1.jpg,0.0,0.0,1000.0
2ba2fbb1c280f851.jpg,0.0,0.0,1000.0
880a4954fa0d29bd.jpg,0.0,0.0,1000.0
0ff85d84206f4197.jpg,0.0,0.0,1000.0
74f02d9dfa88eef9.jpg,0.0,0.0,1000.0
f921617808fe4cc5.jpg,0.0,0.0,1000.0
889df7ef8d723966.jpg,0.0,0.0,1000.0
35489a7e043e992f.jpg,0.0,0.0,1000.0
0a0553d207860b27.jpg,0.0,0.0,1000.0
59ed2eb4aa65ec7a.jpg,0.0,0.0,1000.0
7063f2fa4c8957b8.jpg,0.0,0.0,1000.0
7c0085afe66b20f7.jpg,0.0,0.0,1000.0
a83a7499f60466d4.jpg,0.0,0.0,1000.0
79558f4c438e7c14.jpg,0.0,0.0,1000.0
6370a6f27e4ee7fb.jpg,0.0,0.0,1000.0
c96184929512f808.jpg,0.0,0.0,1000.0
5e672d4fc786e5c9.jpg,0.0,0.0,1000.0
616a18260a49e2b4.jpg,0.0,0.0,1000.0
04d86f17833b3d94.jpg,0.0,0.0,1000.0
17998f1f5c5d982a.jpg,0.0,0.0,1000.0
4ba89445e9a6babe.jpg,0.0,0.0,1000.0
c8d3311702516994.jpg,0.0,0.0,1000.0
30b30a3c81dbac7f.jpg,0.0,0.0,1000.0
e445ec73906593a9.jpg,0.0,0.0,1000.0
4d3862ea366d65cc.jpg,0.0,0.0,1000.0
4a52a514aba84cfb.jpg,0.0,0.0,1000.0
e9457ede8aeb332a.jpg,0.0,0.0,1000.0
3227547c2a8bc21b.jpg,0.0,0.0,1000.0
9013562ad9f267de.jpg,0.0,0.0,1000.0
24f4870787cbfa02.jpg,0.0,0.0,1000.0
5a4705435fc7656a.jpg,0.0,0.0,1000.0
eec1575f6a15c1c3.jpg,0.0,0.0,1000.0
9d6b71895a3d6b38.jpg,0.0,0.0,1000.0
5e8d8042575d464e.jpg,0.0,0.0,1000.0
ee637f3e2c6abfaa.jpg,0.0,0.0,1000.0
01b8b246ce40e841.jpg,0.0,0.0,1000.0
87395d0a579e2e27.jpg,0.0,0.0,1000.0
7501a0a1a1475c64.jpg,0.0,0.0,1000.0
4638c46ca49956db.jpg,0.0,0.0,1000.0
ed1a3529bf45b14a.jpg,0.0,0.0,1000.0
b5494437d7bc8300.jpg,0.0,0.0,1000.0
d743253b31369422.jpg,0.0,0.0,1000.0
c2bfddbe0beb246c.jpg,0.0,0.0,1000.0
aeae90d253727778.jpg,0.0,0.0,1000.0
709fe748d6c12a1c.jpg,0.0,0.0,1000.0
4ad8074bdd7102b4.jpg,0.0,0.0,1000.0
c6637576eb28f84c.jpg,0.0,0.0,1000.0
7f5655e232cd84ed.jpg,0.0,0.0,1000.0
063e1ae489f69d85.jpg,0.0,0.0,1000.0
faea072d54cddb75.jpg,0.0,0.0,1000.0
426347a08bfcda58.jpg,0.0,0.0,1000.0
c942531018284457.jpg,0.0,0.0,1000.0
052053e25b1a7188.jpg,0.0,0.0,1000.0
10a63556804c5770.jpg,0.0,0.0,1000.0
030fd0084d812f2d.jpg,0.0,0.0,1000.0
922847e9c74da80a.jpg,0.0,0.0,1000.0
3ca21ce4ce9adcc4.jpg,0.0,0.0,1000.0
b7717e05e5f2a7ff.jpg,0.0,0.0,1000.0
ac917be051ccd9c2.jpg,0.0,0.0,1000.0
951ecbae42cb58f7.jpg,0.0,0.0,1000.0
d0136e65a9ead0e9.jpg,0.0,0.0,1000.0
55812c5ce5299706.jpg,0.0,0.0,1000.0
378cd45192fe1307.jpg,0.0,0.0,1000.0
b0743ce95b52d858.jpg,0.0,0.0,1000.0
ea86e4f19a083ce7.jpg,0.0,0.0,1000.0
0ca64c387e9c3832.jpg,0.0,0.0,1000.0
e4746107653f02f6.jpg,0.0,0.0,1000.0
6d9e15e1c966040d.jpg,0.0,0.0,1000.0
08422c816dc4820b.jpg,0.0,0.0,1000.0
b9e35853bc87b9b4.jpg,0.0,0.0,1000.0
a4fb79b10a5c9a4e.jpg,0.0,0.0,1000.0
0509539ac6d20d2e.jpg,0.0,0.0,1000.0
d4f603b8913488aa.jpg,0.0,0.0,1000.0
b1eb874d441107aa.jpg,0.0,0.0,1000.0
b24f68b409f34768.jpg,0.0,0.0,1000.0
c573e64dc78ddf36.jpg,0.0,0.0,1000.0
5a7bbdbaccaa19d9.jpg,0.0,0.0,1000.0
956c3a8d313af709.jpg,0.0,0.0,1000.0
e55cf8d31b35416d.jpg,0.0,0.0,1000.0
8b44fed13364f1a5.jpg,0.0,0.0,1000.0
ada5367fb25e9580.jpg,0.0,0.0,1000.0
11f88f62a9b6936f.jpg,0.0,0.0,1000.0
f0100d9595f93961.jpg,0.0,0.0,1000.0
75984aea33e1bee6.jpg,0.0,0.0,1000.0
95e50aa60628baa6.jpg,0.0,0.0,1000.0
fa2a319278c26789.jpg,0.0,0.0,1000.0
6d2523a19eef6549.jpg,0.0,0.0,1000.0
c1e0cf6f605980ab.jpg,0.0,0.0,1000.0
6344e52f8780453e.jpg,0.0,0.0,1000.0
f5596f069e4d38fd.jpg,0.0,0.0,1000.0
20ea297869e8d5b7.jpg,0.0,0.0,1000.0
d1d2ba3843938fe1.jpg,0.0,0.0,1000.0
e048ec7f11c2811d.jpg,0.0,0.0,1000.0
e607773284c8606b.jpg,0.0,0.0,1000.0
921abe5684f58381.jpg,0.0,0.0,1000.0
8eb40cb5e83a4049.jpg,0.0,0.0,1000.0
903626f2d9a07035.jpg,0.0,0.0,1000.0
1d1b35ccbece9fbc.jpg,0.0,0.0,1000.0
a2dd4d2c844ad12f.jpg,0.0,0.0,1000.0
5803dfaf2a7954cc.jpg,0.0,0.0,1000.0
3d8ae039e869d4b1.jpg,0.0,0.0,1000.0
5fb6320707f9bbf8.jpg,0.0,0.0,1000.0
4ea6d43373816a18.jpg,0.0,0.0,1000.0
a8746e97f1bef75c.jpg,0.0,0.0,1000.0
801bcbd0ab3d9425.jpg,0.0,0.0,1000.0
88b9480999256b61.jpg,0.0,0.0,1000.0
6dff6b47546b05e7.jpg,0.0,0.0,1000.0
8647289f7a94e4a5.jpg,0.0,0.0,1000.0
69db1172853294cc.jpg,0.0,0.0,1000.0
0e1b3628abddc977.jpg,0.0,0.0,1000.0
a55b6510aad3a414.jpg,0.0,0.0,1000.0
79bebfd1965aa0c6.jpg,0.0,0.0,1000.0
f8d549b769937e44.jpg,0.0,0.0,1000.0
7edd64970315e52c.jpg,0.0,0.0,1000.0
6817b995a5a80eaa.jpg,0.0,0.0,1000.0
9654727365d6fcbe.jpg,0.0,0.0,1000.0
da4c751b3fb785c2.jpg,0.0,0.0,1000.0
32f287c9b368a8b9.jpg,0.0,0.0,1000.0
ab56504b3b7ee9bf.jpg,0.0,0.0,1000.0
ebad46d639644f97.jpg,0.0,0.0,1000.0
0b2459c2af3fec12.jpg,0.0,0.0,1000.0
b7382ea87e73450b.jpg,0.0,0.0,1000.0
9076a442de4373a6.jpg,0.0,0.0,1000.0
7f35651edb87777c.jpg,0.0,0.0,1000.0
b84efc4e28f73086.jpg,0.0,0.0,1000.0
f6ddc6cbb44fe4b1.jpg,0.0,0.0,1000.0
d969f21328f0bba6.jpg,0.0,0.0,1000.0
e81990344c6ddae0.jpg,0.0,0.0,1000.0
0303621f7dba65c3.jpg,0.0,0.0,1000.0
c3f19300484a7187.jpg,0.0,0.0,1000.0
ceef726e80e1608f.jpg,0.0,0.0,1000.0
30775b20ae890b50.jpg,0.0,0.0,1000.0
39e41aa9e2eba72e.jpg,0.0,0.0,1000.0
d60423a4642a3d35.jpg,0.0,0.0,1000.0
e4debd3606b15bba.jpg,0.0,0.0,1000.0
c4842e9febff2ecb.jpg,0.0,0.0,1000.0
daa2ff45e777f27d.jpg,0.0,0.0,1000.0
71b8c3239916160e.jpg,0.0,0.0,1000.0
c1db6276e176539e.jpg,0.0,0.0,1000.0
1a29b3eb77709f78.jpg,0.0,0.0,1000.0
8409bedfa3f99b9c.jpg,0.0,0.0,1000.0
290973ff1f0fd31a.jpg,0.0,0.0,1000.0
a382219332ef777b.jpg,0.0,0.0,1000.0
e15e939e86d08057.jpg,0.0,0.0,1000.0
6a4874c0753c6ae7.jpg,0.0,0.0,1000.0
12078a677a1721e2.jpg,0.0,0.0,1000.0
4b0af6b43e3669d8.jpg,0.0,0.0,1000.0
af41f726ef9f0373.jpg,0.0,0.0,1000.0
2edf3b9116a35433.jpg,0.0,0.0,1000.0
438e173186f291b1.jpg,0.0,0.0,1000.0
1f4b53896258e18e.jpg,0.0,0.0,1000.0
c30484c6f8da7ea6.jpg,0.0,0.0,1000.0
570cc4597aa648e3.jpg,0.0,0.0,1000.0
823a20e7f3b95202.jpg,0.0,0.0,1000.0
d80d2aecf55f4148.jpg,0.0,0.0,1000.0
6fad06e4e229e63d.jpg,0.0,0.0,1000.0
c9a8a722cfd5e49c.jpg,0.0,0.0,1000.0
f2564ea1c2e37234.jpg,0.0,0.0,1000.0
f1a7d638656bc9ef.jpg,0.0,0.0,1000.0
2697ebbd9b2dce33.jpg,0.0,0.0,1000.0
a9f3d1ee26389fa3.jpg,0.0,0.0,1000.0
6d93be625f85719b.jpg,0.0,0.0,1000.0
29204fc5068e42b5.jpg,0.0,0.0,1000.0
eedf38404f3b7e76.jpg,0.0,0.0,1000.0
ac571aba16337ca3.jpg,0.0,0.0,1000.0
729da1c61f2c61d5.jpg,0.0,0.0,1000.0
9217b12e7f9670b5.jpg,0.0,0.0,1000.0
ddbd7f4a330f0812.jpg,0.0,0.0,1000.0
fb4fb0a8d7356b1d.jpg,0.0,0.0,1000.0
fa3284c1c6b7caaf.jpg,0.0,0.0,1000.0
28dfbf594920d8d3.jpg,0.0,0.0,1000.0
c5dfb0d038b2d09d.jpg,0.0,0.0,1000.0
8d52b6c06e38bbda.jpg,0.0,0.0,1000.0
a1c34f44cc3fe88d.jpg,0.0,0.0,1000.0
74596b1ff7c45217.jpg,0.0,0.0,1000.0
61c47d2afe40dbda.jpg,0.0,0.0,1000.0
ddc12f65c66c594d.jpg,0.0,0.0,1000.0
7fe791008504f5c3.jpg,0.0,0.0,1000.0
f6de5a546e555cf2.jpg,0.0,0.0,1000.0
7168aa117eb89dbc.jpg,0.0,0.0,1000.0
b66408637807ae81.jpg,0.0,0.0,1000.0
52a8984c2b33d0e3.jpg,0.0,0.0,1000.0
642c00199b6711b6.jpg,0.0,0.0,1000.0
42a166c5cb3e1b03.jpg,0.0,0.0,1000.0
e04a6326a6bae1e9.jpg,0.0,0.0,1000.0
252f627c28557048.jpg,0.0,0.0,1000.0
1aa3575253768748.jpg,0.0,0.0,1000.0
10095d84f08fffbc.jpg,0.0,0.0,1000.0
65b51baf15dc54a7.jpg,0.0,0.0,1000.0
89d76e5ccddb37cf.jpg,0.0,0.0,1000.0
9c26fc4052325510.jpg,0.0,0.0,1000.0
1351d11dffdc5370.jpg,0.0,0.0,1000.0
7624f9ed659c68de.jpg,0.0,0.0,1000.0
f7cf887caf4fca3c.jpg,0.0,0.0,1000.0
9ad0e19b80900629.jpg,0.0,0.0,1000.0
56a89f994faa4a04.jpg,0.0,0.0,1000.0
5f4587ba9678ac4a.jpg,0.0,0.0,1000.0
74a143e3a0cda8e2.jpg,0.0,0.0,1000.0
fe12a1837423ff98.jpg,0.0,0.0,1000.0
adfa2b78258e5223.jpg,0.0,0.0,1000.0
6c62bb7ead479b4c.jpg,0.0,0.0,1000.0
76c98fdd2d2ca088.jpg,0.0,0.0,1000.0
4de96d42b788bc99.jpg,0.0,0.0,1000.0
fecd47ba3400a302.jpg,0.0,0.0,1000.0
787291843c0b2d06.jpg,0.0,0.0,1000.0
067ac75507c68e12.jpg,0.0,0.0,1000.0
4c751c373ca9462d.jpg,0.0,0.0,1000.0
7190af77fb2140ff.jpg,0.0,0.0,1000.0
fac655e7484abec0.jpg,0.0,0.0,1000.0
581bf2f7b7731926.jpg,0.0,0.0,1000.0
f8dfd086d45a51b9.jpg,0.0,0.0,1000.0
3eba9e7ca4dad2e4.jpg,0.0,0.0,1000.0
95d51c3debbf6cd1.jpg,0.0,0.0,1000.0
c6c726fed45cf4fd.jpg,0.0,0.0,1000.0
b172d80bcc7280a1.jpg,0.0,0.0,1000.0
df9de367d3d2d12d.jpg,0.0,0.0,1000.0
079a2f3281dcd203.jpg,0.0,0.0,1000.0
c6d6832dbeb9e465.jpg,0.0,0.0,1000.0
ee11079a96b85d4d.jpg,0.0,0.0,1000.0
9a0934ca7490fa26.jpg,0.0,0.0,1000.0
c5cbb68696f4f1fa.jpg,0.0,0.0,1000.0
cb4b7f5845308b46.jpg,0.0,0.0,1000.0
2afa3954cec874eb.jpg,0.0,0.0,1000.0
f3647d11763fd8a7.jpg,0.0,0.0,1000.0
b09742042285fd2f.jpg,0.0,0.0,1000.0
481f43e8029f0a00.jpg,0.0,0.0,1000.0
58f318396bb5a648.jpg,0.0,0.0,1000.0
efffa08ede00d3de.jpg,0.0,0.0,1000.0
3d0c8a31e02728eb.jpg,0.0,0.0,1000.0
7ff5a0c0f300bd93.jpg,0.0,0.0,1000.0
9534c8ec2d59571c.jpg,0.0,0.0,1000.0
05ae8620796b212e.jpg,0.0,0.0,1000.0
8b8a793c6075739f.jpg,0.0,0.0,1000.0
043916ecd5d1ce2a.jpg,0.0,0.0,1000.0
c57e56c81dd32987.jpg,0.0,0.0,1000.0
a29781e1ea092fb2.jpg,0.0,0.0,1000.0
9adeea449217f9b0.jpg,0.0,0.0,1000.0
8acd34f1ee8e87e5.jpg,0.0,0.0,1000.0
473f391d5cb22915.jpg,0.0,0.0,1000.0
a25d6a5fe117751d.jpg,0.0,0.0,1000.0
85265509b03cfb84.jpg,0.0,0.0,1000.0
a3f0cda23216f4a3.jpg,0.0,0.0,1000.0
04cc9cb6d17c7b8b.jpg,0.0,0.0,1000.0
69f54ba01cb3e993.jpg,0.0,0.0,1000.0
e254de940aaa0efb.jpg,0.0,0.0,1000.0
32c6678450a3f9fa.jpg,0.0,0.0,1000.0
43f803829f907eeb.jpg,0.0,0.0,1000.0
4a739b8faaf29a96.jpg,0.0,0.0,1000.0
b62d7e20abd4edad.jpg,0.0,0.0,1000.0
c9b350a542e7a131.jpg,0.0,0.0,1000.0
e00865f6689cec95.jpg,0.0,0.0,1000.0
a0f6c26a14008e59.jpg,0.0,0.0,1000.0
acd33ef068b88207.jpg,0.0,0.0,1000.0
480aea0b4f9991bd.jpg,0.0,0.0,1000.0
5de39b00c849c1d2.jpg,0.0,0.0,1000.0
75e6260ffcbd7c6b.jpg,0.0,0.0,1000.0
1d6e8b3b02ceb6ad.jpg,0.0,0.0,1000.0
071015b88cdea540.jpg,0.0,0.0,1000.0
895f7e1fed7f774f.jpg,0.0,0.0,1000.0
0f0cd62129958fd5.jpg,0.0,0.0,1000.0
791fae736694acbc.jpg,0.0,0.0,1000.0
20822b79cb72694d.jpg,0.0,0.0,1000.0
84d15565e2a1b2a7.jpg,0.0,0.0,1000.0
c0585f5404feff84.jpg,0.0,0.0,1000.0
1185f83564af43f2.jpg,0.0,0.0,1000.0
f79f2a4c1d4f81fd.jpg,0.0,0.0,1000.0
1688b38e3cb1c242.jpg,0.0,0.0,1000.0
db37b0f3031a97eb.jpg,0.0,0.0,1000.0
5eba1d46a0c01c38.jpg,0.0,0.0,1000.0
69cf1ae3b74e7b45.jpg,0.0,0.0,1000.0
16776a8f4f518e24.jpg,0.0,0.0,1000.0
718480fc0c3a0aee.jpg,0.0,0.0,1000.0
4de905abd12afa9f.jpg,0.0,0.0,1000.0
5c650163c3d18d57.jpg,0.0,0.0,1000.0
d237de3c521a2e63.jpg,0.0,0.0,1000.0
2094a53eafc2177b.jpg,0.0,0.0,1000.0
40dc611e6abc169e.jpg,0.0,0.0,1000.0
408fbe44da1a38c1.jpg,0.0,0.0,1000.0
501ae437f8cba277.jpg,0.0,0.0,1000.0
5b6bc9b3b92ec5f9.jpg,0.0,0.0,1000.0
bc065d880d7fcbd8.jpg,0.0,0.0,1000.0
5ccb741b28de63ec.jpg,0.0,0.0,1000.0
58b73f8c039836e4.jpg,0.0,0.0,1000.0
b924f354a37fd345.jpg,0.0,0.0,1000.0
bde6afbd149d6fe8.jpg,0.0,0.0,1000.0
107d502205582f70.jpg,0.0,0.0,1000.0
3a76236a4b6a1ced.jpg,0.0,0.0,1000.0
b52037377e957cc8.jpg,0.0,0.0,1000.0
736eea377cea05e4.jpg,0.0,0.0,1000.0
9f7d0b88507e18c3.jpg,0.0,0.0,1000.0
dd5dc5ebf483be69.jpg,0.0,0.0,1000.0
8a388a3fd9ac64d7.jpg,0.0,0.0,1000.0
e848b06d6bdc8ef7.jpg,0.0,0.0,1000.0
ce7af30d3abb6100.jpg,0.0,0.0,1000.0
b366be0faa8acc38.jpg,0.0,0.0,1000.0
e7a4444a830fd8ae.jpg,0.0,0.0,1000.0
ac1327cd47c27e07.jpg,0.0,0.0,1000.0
0031fc731a8b7e9a.jpg,0.0,0.0,1000.0
1159b050535cfea5.jpg,0.0,0.0,1000.0
c37fe97de5fadc1f.jpg,0.0,0.0,1000.0
4535a64f89bfbb3b.jpg,0.0,0.0,1000.0
3fa7f2f60ff1f960.jpg,0.0,0.0,1000.0
d2b3854ae45716f9.jpg,0.0,0.0,1000.0
c0ba19b96f9ca12a.jpg,0.0,0.0,1000.0
39045a9cc0ed070e.jpg,0.0,0.0,1000.0
6d8a2dfcd4a3d53f.jpg,0.0,0.0,1000.0
0d1577f3986982d7.jpg,0.0,0.0,1000.0
5fdbdcb2a3b0a14a.jpg,0.0,0.0,1000.0
d4a9b8229c9bc274.jpg,0.0,0.0,1000.0
e3d8aacd6d3bb4b9.jpg,0.0,0.0,1000.0
15e4bf6dccd144ce.jpg,0.0,0.0,1000.0
606fa68815a2ddb5.jpg,0.0,0.0,1000.0
fe83c7edef0e2d3a.jpg,0.0,0.0,1000.0
e76e5a677628092d.jpg,0.0,0.0,1000.0
5367927a2ace640f.jpg,0.0,0.0,1000.0
48421a6971d0619b.jpg,0.0,0.0,1000.0
de45e178566096c9.jpg,0.0,0.0,1000.0
b78faa3749bf45d2.jpg,0.0,0.0,1000.0
d1ff601386bdb58e.jpg,0.0,0.0,1000.0
032c7c89755c144f.jpg,0.0,0.0,1000.0
2d82420559a2b8a6.jpg,0.0,0.0,1000.0
b7b16f8088e1ee66.jpg,0.0,0.0,1000.0
fa7489b495111a46.jpg,0.0,0.0,1000.0
cadc1070e48c20a4.jpg,0.0,0.0,1000.0
832cbe29f24ef240.jpg,0.0,0.0,1000.0
3933ea8fc44dafdd.jpg,0.0,0.0,1000.0
f83e29366ae0be63.jpg,0.0,0.0,1000.0
e2b157497a46154b.jpg,0.0,0.0,1000.0
c9db110c64176b1a.jpg,0.0,0.0,1000.0
8539864ce9a0542c.jpg,0.0,0.0,1000.0
f3de5cc696ae716e.jpg,0.0,0.0,1000.0
9732f45755e006a0.jpg,0.0,0.0,1000.0
e6c226cb70a55be2.jpg,0.0,0.0,1000.0
ca04565143c309af.jpg,0.0,0.0,1000.0
7ffa77a693adcb43.jpg,0.0,0.0,1000.0
6ba2942a62cddd67.jpg,0.0,0.0,1000.0
d7abbe1991614b0e.jpg,0.0,0.0,1000.0
4160827811607267.jpg,0.0,0.0,1000.0
9ae1313824cf55a6.jpg,0.0,0.0,1000.0
7b4717347d81594c.jpg,0.0,0.0,1000.0
cf75da169d1c68dd.jpg,0.0,0.0,1000.0
23d0d0db3ace1280.jpg,0.0,0.0,1000.0
2b09359cdf05bbf7.jpg,0.0,0.0,1000.0
d71b57b597ee03e9.jpg,0.0,0.0,1000.0
f31566f05cffc7ae.jpg,0.0,0.0,1000.0
da532f6465181f27.jpg,0.0,0.0,1000.0
f40ba7a98c93ad56.jpg,0.0,0.0,1000.0
d54ceac76a933316.jpg,0.0,0.0,1000.0
694a88ed676dbf1e.jpg,0.0,0.0,1000.0
584d6432e9b7a8b2.jpg,0.0,0.0,1000.0
589abc1c93ca904a.jpg,0.0,0.0,1000.0
c3269664e9fd48a0.jpg,0.0,0.0,1000.0
0933324141b24cb8.jpg,0.0,0.0,1000.0
aac01582af4464ae.jpg,0.0,0.0,1000.0
fc1e81f02faa0805.jpg,0.0,0.0,1000.0
1197767d024837f2.jpg,0.0,0.0,1000.0
a038246bda25769a.jpg,0.0,0.0,1000.0
ea1cfa9556874f73.jpg,0.0,0.0,1000.0
8bccec30f31c2223.jpg,0.0,0.0,1000.0
dc5c27e49e1f68d4.jpg,0.0,0.0,1000.0
cade4cc79cf39ac0.jpg,0.0,0.0,1000.0
550ebc89bf8ba978.jpg,0.0,0.0,1000.0
89488f165b535a6f.jpg,0.0,0.0,1000.0
65ff992df8675ba9.jpg,0.0,0.0,1000.0
3d933d4f471d06d8.jpg,0.0,0.0,1000.0
1447282e14157946.jpg,0.0,0.0,1000.0
eea64576e875e034.jpg,0.0,0.0,1000.0
44843c678f531d9b.jpg,0.0,0.0,1000.0
7f5c2bd1296f3253.jpg,0.0,0.0,1000.0
7defeacf271ec0ed.jpg,0.0,0.0,1000.0
24819f974fae340a.jpg,0.0,0.0,1000.0
108fd566157ec463.jpg,0.0,0.0,1000.0
e8687bb526f4f261.jpg,0.0,0.0,1000.0
d991494befa25da3.jpg,0.0,0.0,1000.0
52fc7e5fca78247f.jpg,0.0,0.0,1000.0
d3254162a08bbc53.jpg,0.0,0.0,1000.0
3a2134fe21fd6ab5.jpg,0.0,0.0,1000.0
6b44625d551125ce.jpg,0.0,0.0,1000.0
285faa57bb3b8232.jpg,0.0,0.0,1000.0
d7ecf427ba87176c.jpg,0.0,0.0,1000.0
57c0690182c5a654.jpg,0.0,0.0,1000.0
3c0fb4be69886bb7.jpg,0.0,0.0,1000.0
92be08d87933ca74.jpg,0.0,0.0,1000.0
5507c926c352d5ee.jpg,0.0,0.0,1000.0
6a659565413c2829.jpg,0.0,0.0,1000.0
8eec1d5ab62a0c20.jpg,0.0,0.0,1000.0
0ca412aa9d1e74b9.jpg,0.0,0.0,1000.0
5238983b0d54924e.jpg,0.0,0.0,1000.0
568e76881ea1f0d1.jpg,0.0,0.0,1000.0
521d9dc40679bfa4.jpg,0.0,0.0,1000.0
7832c5edbdb92506.jpg,0.0,0.0,1000.0
e4aa85a701766b27.jpg,0.0,0.0,1000.0
49079d76746c8f94.jpg,0.0,0.0,1000.0
c948eacc4628f3fa.jpg,0.0,0.0,1000.0
a3c217e5acb86465.jpg,0.0,0.0,1000.0
1a2a258c994b4547.jpg,0.0,0.0,1000.0
966897bdddc0ec2d.jpg,0.0,0.0,1000.0
96dc2f4b0394a888.jpg,0.0,0.0,1000.0
91b04e0d2c264624.jpg,0.0,0.0,1000.0
96f87e9f42290250.jpg,0.0,0.0,1000.0
70e49353ef9019a9.jpg,0.0,0.0,1000.0
fe7e8374b9cc9adc.jpg,0.0,0.0,1000.0
248fb04611d71849.jpg,0.0,0.0,1000.0
4a649a01f2a82a95.jpg,0.0,0.0,1000.0
e6ea10776f00dff6.jpg,0.0,0.0,1000.0
2352b706e0201f31.jpg,0.0,0.0,1000.0
55bd33522b0525ab.jpg,0.0,0.0,1000.0
b9dce2cda14daa22.jpg,0.0,0.0,1000.0
1c759327b964029a.jpg,0.0,0.0,1000.0
db7d27af907298d4.jpg,0.0,0.0,1000.0
01f6b8a456c10df5.jpg,0.0,0.0,1000.0
91f0785c49f39a5b.jpg,0.0,0.0,1000.0
167d6308f673e648.jpg,0.0,0.0,1000.0
e3cb679fe6a6de5c.jpg,0.0,0.0,1000.0
69bf52d96d5ce6f5.jpg,0.0,0.0,1000.0
29d41a1be0a57ed2.jpg,0.0,0.0,1000.0
