geocell_id,centroid_lat,centroid_lon,count,max_radius_km
0,-11.369369274984848,-77.65231139362614,11,235.30921547873163
1,61.86413540972888,53.21666305217798,7,426.8063853139262
2,-32.27775040958365,132.6045845496876,15,210.7790027953823
3,46.92209623310257,-107.23840515590575,22,171.70405052162266
4,-0.4852561533342719,29.014936470214586,32,247.25200952900724
5,37.710387400981766,13.696824627969065,24,205.97475627629024
6,43.125054458888556,112.11553003524226,13,242.1994027658647
7,-18.598770738853922,-47.962204757687175,15,157.79150996926072
8,15.964132937487737,80.07455709575015,8,160.75257056865107
9,-34.13525257399272,-56.4535385407545,74,175.36110976405868
10,-24.1977498438713,27.78767246883282,43,143.05780906752244
11,-0.4611295856813424,112.5938639063335,6,210.30105867815476
12,36.17982991872923,-95.88960994021089,24,189.54893522508175
13,51.75765395145458,29.872725360657476,21,173.21438659825463
14,47.558481582539024,76.0557426083837,13,219.97558179055358
15,3.0603048475544705,0.5177402217780546,8,256.6877144542817
16,53.21376990376268,-0.9617254532765408,28,162.6349970892394
17,43.0040874416415,10.263207565560254,10,156.72403997185845
18,-36.0437577434312,145.35689195591436,28,199.40420900183798
19,46.01829784893754,-118.66814512420912,32,221.14893096841314
20,59.31014477516345,93.87818315104528,17,359.39474382066544
21,63.842861326677685,18.81185031888767,30,175.732158299333
22,-4.970010416105677,-41.41524967871484,26,238.2607137576622
23,-34.56462986772952,-71.31301964195642,34,147.04329570139268
24,26.48582130778696,80.18076490831663,21,299.2446318133649
25,42.0154261914509,41.75878126468222,28,207.1666963280348
26,-12.202554627812487,132.4162375291502,19,342.91792495875166
27,-9.338004442067485,-134.4502127568473,3,811.3135733173731
28,-8.125879425717104,-57.71518544502945,13,209.79884090959854
29,39.07418924819168,-4.5646032485621255,27,213.25136090457588
30,-3.3383459580538157,53.78677747069332,3,414.48843743926756
31,-30.786678566178452,121.38580448322676,13,167.0359620352839
32,43.16108496900702,-88.18082949816261,23,174.74644946434643
33,32.42346674799174,130.75833526439322,16,231.8623069760016
34,-40.84538544219025,174.53694809532243,25,192.58917144260357
35,-28.741833303656477,150.61921338334676,19,148.25394634292834
36,2.5368977885483868,39.41595385652549,9,203.839439880457
37,45.76422869215549,93.93186887250073,31,250.36774853289157
38,26.050335935583927,-105.39141510670974,18,325.7161460636749
39,-19.11254054415019,142.76464810119754,22,254.20759983877892
40,53.33600682585706,-117.14405173251428,38,201.8645728252732
41,14.87078311845617,-20.71392906277496,5,178.03986997334914
42,6.009071458408007,-71.86371143712927,5,176.07303409087658
43,-23.185806677378547,14.74960203174337,6,307.6117581295668
44,13.7811012506548,101.29969695985442,23,181.68398585123128
45,-46.7834449908761,-72.76848865252046,14,368.29806874348174
46,-20.573066670407517,-57.22047115856908,20,252.56780094609402
47,35.82336156670408,-108.63307633579831,28,219.08622526954753
48,64.18977067273393,70.41459140713766,15,159.6318225346331
49,11.391758057660063,4.338143951508197,12,261.1044206275109
50,64.08933978347655,-125.69613668277746,17,228.7514919630694
51,-20.876331456278372,-69.92743853430773,25,232.625765097835
52,29.562674000622923,107.60416020725262,6,160.9620115168553
53,49.99902155976529,20.385152251030075,21,150.80314676427744
54,32.39676944952206,-87.6958204384441,33,188.36471972752685
55,5.231185953968575,134.56733122779957,6,436.81040612937596
56,38.97413905209199,25.82462013879209,19,202.40765201028708
57,60.23550253812123,30.906020535892136,34,165.8051964926137
58,-21.634288721123855,57.25436763242957,5,314.45832042004247
59,52.78532148573804,40.306233261249126,18,145.41354056503152
60,56.12811666564927,14.05679407231053,21,162.23863944971788
61,57.412359389604205,104.37700051664403,17,159.2816707595431
62,-27.00607688106471,25.553810700940197,58,161.4891799787577
63,-12.166150580797396,27.18286088897542,26,239.07142982667466
64,-2.304084430950131,-78.62737376124176,13,181.94453700803948
65,-12.315544683006255,94.71561076511429,12,296.5756674826212
66,-15.646544123850328,-42.739010662676634,29,210.4576271392382
67,-32.52489292350251,-64.87794204316944,32,200.56731413885922
68,42.81987909827134,-72.5130909514411,14,272.6382891206568
69,-21.171229702086297,121.27416407542648,16,271.571770374244
70,27.878573091725407,66.8117241450049,14,233.75312612317103
71,10.738848403495602,23.621555920474936,8,360.3340138483343
72,-9.001531441379583,-50.30305693712204,22,237.47336825423093
73,54.74423465438712,65.16423681515067,21,147.01451994786666
74,31.762646429731774,-122.40316856962549,9,247.33187521276864
75,66.09290953057483,31.188326764283968,32,191.41204440569976
76,46.142556059098496,3.1154139190228363,26,164.70054624667623
77,12.4665224963322,38.06097759715669,15,126.7623076082324
78,62.65751403566897,-1.121787452178332,11,189.18173922049718
79,-7.720324416991295,31.954572076632186,2,128.60150980845134
80,40.634664233982214,67.94837060958999,23,292.48051829730827
81,-30.67740346270975,-51.73458267675074,39,191.05117904014202
82,52.752893507585256,-103.23533203037692,24,208.56776074106943
83,39.89167415065115,140.6577667590671,11,206.29699873187417
84,6.605948324334884,10.245041282284415,11,231.2688111602081
85,49.42158778509025,103.36303901823942,25,186.2391775765412
86,-10.623072771337787,152.20939749754683,6,473.3351680606113
87,29.14924028426833,90.3003614981344,17,293.4343083693168
88,-24.316102332898343,-129.40489221279387,6,488.7079090394808
89,30.464437261600178,-93.65352519010955,19,154.08530548986872
90,-32.50586633197838,145.16184261468612,14,231.31482895485857
91,12.003428488995699,124.42924486984215,12,216.78239779375417
92,49.78705760010059,85.89550052092581,30,208.55175417044617
93,51.688535854460476,-127.58027019311288,19,191.57514729143966
94,2.6922864353046765,-52.43932923935615,25,623.3297969954336
95,-7.082229252163945,73.03689721331175,7,405.78199166090803
96,38.418784417016674,-117.4883478436176,19,182.61122497465357
97,-18.220169406243652,50.68883092273267,7,389.2613693283605
98,-14.649947123198416,-70.21260917543832,16,196.3815724645776
99,38.05900661196424,35.69459679345102,22,183.9409077916891
100,-28.069490480510506,14.119463994619425,10,519.9599832468213
101,43.67431035364452,13.27164335323419,14,143.6159178379399
102,-6.148176076675981,-13.98199771629375,2,172.83866934754604
103,-40.35624018586751,-63.30740014501297,23,212.72772598121733
104,61.81484868765098,71.13459662778045,19,164.28398197267475
105,50.643928584806474,39.72366686535069,21,127.08458771867107
106,-18.71933195781853,-40.812161384996024,27,364.3052075788768
107,28.614144848043278,-13.997671554412326,4,80.23451882574145
108,47.32457182098104,-93.2893808681892,23,204.38344797322628
109,-41.952416283195966,-70.58392551051914,27,161.2540668758278
110,-33.662279219172504,20.990720500069095,21,179.44389782284293
111,2.4022581139305847,-63.17049946618347,13,266.55393016580103
112,32.0962305500447,78.50769007882263,21,243.06648274710815
113,57.82162990981157,-123.8145651256907,30,197.59880387150972
114,-27.775081170328736,-65.8283840283294,24,252.81003841877762
115,40.69357138358004,-105.36953541174684,27,218.47623902105008
116,-9.088479366599197,124.5463655681609,9,204.9261937928671
117,-32.132914325146736,-13.459980749234157,4,391.533246695678
118,48.13018997349603,46.403339829478945,23,201.23659485738673
119,-22.9294804742543,-47.19203782075116,18,161.09152862701762
120,45.594085534894255,21.47314609513823,22,178.36998053079245
121,60.81484865114948,11.87153912251689,40,176.55954302224373
122,-19.054957833742026,28.036492268321563,22,205.55823357634137
123,69.85663190333312,27.179542443795263,38,185.38695885947826
124,11.668449823902963,-7.353736336719247,10,211.17475474258245
125,54.62014435033924,-8.7639227937927,29,171.6043477539548
126,-36.49571343245538,139.94363143068088,20,152.38935052031354
127,32.46953275861091,-95.00847653799518,27,151.61147559528104
128,-25.556415141635004,139.04828280424516,20,267.6510129173037
129,22.829484784148924,73.44091942123433,14,106.92868550661137
130,-6.191116173002337,-73.2390249598401,18,231.04580993862737
131,54.24636197256198,34.605563716318144,17,132.86860363202592
132,44.70248838859305,106.59776163601197,24,218.0889533741374
133,-51.38539532292564,147.88847544033248,4,796.0714040019874
134,11.049645924221819,47.94969864458718,17,277.1030102422237
135,-8.468681109832639,-2.5788870873838747,6,492.16093973648884
136,-0.1356703896366094,37.23688901753652,32,274.0441357198033
137,32.74850622262028,-103.50256960954349,30,208.01609685120556
138,39.31701788436368,99.22112272085498,7,284.31873389985503
139,35.32423938359966,-87.33030975272209,31,180.4917151652261
140,54.9416963182076,78.64802297285347,19,227.31766323341645
141,68.09554991426761,66.20367062180829,13,425.9092415960113
142,41.10646636274733,-2.7201246202913762,28,172.45514658701072
143,-19.577201484986308,-63.88854241268144,23,229.9549312152357
144,-29.578236881217343,30.139445945681455,24,164.88948958788765
145,51.199125574124075,8.356488572451855,30,174.42804868254873
146,-22.525459975589328,114.06715599364082,18,265.3787004832457
147,50.018881869975225,-85.23232616324661,20,351.8409704364543
148,-9.510296881074458,-67.64717598972499,28,257.1729691940449
149,-14.65792007317503,-58.06957492661406,13,212.87002760981943
150,42.71220376769517,-124.08662033573114,30,230.0695821886748
151,57.450321110504426,-113.62433223241781,24,220.78327468160666
152,42.738647221457235,34.44603534624232,14,169.44307203976268
153,-7.783371196713157,110.74546947418406,35,461.1523015122345
154,63.457676269462844,45.872541006875544,11,172.04031966798908
155,-30.67468310994575,-55.72778029966068,24,179.2196111992043
156,12.522180445417845,9.906804220365164,18,383.62591813378083
157,43.331589372405844,74.85065389914011,18,169.57464661419394
158,50.07272873064118,109.33922562594493,21,203.4746684093337
159,-20.606181701211195,147.5223988224681,23,213.1690353839579
160,9.997650384086201,84.21546323970456,5,348.68246719822133
161,-20.12633434723713,135.0078347027884,17,313.5345610111159
162,69.63343027077713,-131.10624866042426,23,171.25889988679356
163,-9.570879195713962,-44.58017187699258,20,193.7139836786885
164,45.800170364659564,-1.7890627332475548,15,161.7773176166
165,42.049742182900246,72.19865680036226,10,164.38728883670484
166,60.51786012859672,21.88165962156745,34,157.37353298363982
167,-3.0070245261199866,-32.302487713329526,8,568.6809592539023
168,-1.6244370753140425,-48.255635382395596,15,167.85705057784054
169,1.419486473309378,-78.54707063721114,19,203.61790895392372
170,23.81990086630952,120.56601071451948,11,346.92649896319256
171,10.612989440140975,119.99991293970515,4,99.79204553588853
172,59.25162908150564,-92.1637552334279,12,203.37856255733448
173,35.32277252791752,34.48361221547759,12,204.52054044119603
174,-27.53384099134057,-73.47639937536715,13,387.20719265170015
175,42.21815088957662,-99.15167611387876,23,165.55145681740092
176,53.79085991889709,25.12991636209308,33,192.91011097036449
177,-10.671907968368474,-38.55745585353345,23,184.27303969870985
178,31.2403629994666,-115.96475715210192,21,213.39809476141804
179,37.20207775083636,-111.27143303943187,19,175.34857336705352
180,42.67899906861687,46.828158051637146,21,324.76291875990734
181,27.737037050118893,97.75884662154051,16,360.79623296002933
182,37.01310401225715,138.0690326250252,12,154.90047338597788
183,6.59521863380746,6.834411048556218,25,157.7463745749339
184,-0.5064507181037322,109.07310838255216,9,213.37089945788995
185,51.135486309998,36.64273859374624,19,160.05998936281048
186,10.860893196320703,146.13033270872742,5,266.8947724226624
187,56.71785041717956,93.04208231242485,33,239.05005433730184
188,41.35117761121529,-92.16173906329375,41,183.48401076122474
189,68.05034497818646,86.5994920947971,11,405.0419846583801
190,8.562036534697578,-81.71543468163318,8,326.4797518256417
191,39.952152527568046,-81.79182062167409,20,258.4933542436912
192,8.299735407807544,38.52312326920451,42,212.67706156927525
193,-12.035984705110703,143.1408773328748,15,304.4545370738056
194,62.86588509256595,112.60142852601754,27,306.1250736599193
195,60.945282581286136,41.798087594577545,32,201.58230861607194
196,-36.22290989956619,-64.32480282248581,36,184.96515665222296
197,-33.63453119920308,150.5583900770844,29,176.277655755093
198,45.195950197753845,-111.0621352643752,23,186.11165987290886
199,66.75365108371284,9.582067233894998,22,244.7024395679239
200,7.473333990249725,-2.5715335007761078,16,259.92434545912744
201,47.7209702786327,15.221538869405357,31,176.29178689196408
202,-32.00568713119046,161.57947658669593,4,308.194543147099
203,57.71059532329516,82.00874091101791,18,161.66606183890977
204,-4.345129079626763,120.57960586091504,22,337.0438205746141
205,30.65079488089276,-100.88888104752735,17,200.73975205612257
206,55.58556465230775,46.055910616263084,31,227.58237817458806
207,-1.1718093148525903,-60.46418485467134,21,250.5123323742417
208,39.61424915198266,16.661324936551175,37,169.9657546539876
209,43.054349995672766,-8.708382972176082,34,216.95794515845273
210,43.6132489736013,67.50305284633603,14,188.33655933062337
211,6.309616853341829,73.85613740604863,5,400.8637063180085
212,54.174631716081905,-4.211175054430644,20,119.89534802312593
213,38.69003084455168,2.2656032126010386,29,306.55504886177073
214,-36.27024595034779,174.4122811441654,22,234.49217037317564
215,50.91005207621726,-3.300874138236826,24,166.57361348509684
216,3.5987386061810094,103.70197033305881,11,407.53337359616177
217,36.779415260410595,41.49946288867964,15,239.17384260885822
218,45.53156232377047,10.259486360211973,35,167.71179166050803
219,-20.21083099253715,25.19986400602607,44,178.4937334955173
220,-9.312347007214587,12.096092700996252,8,406.78234779810646
221,-16.886176779268773,-52.69642972882593,19,173.39679207008254
222,-25.959927994664877,-61.00141518587779,21,188.91176449979878
223,-37.32910103463661,-74.99767128567824,14,220.39023675614962
224,53.64011489256341,-128.8108335908953,26,169.11895606434112
225,32.053705266706615,-110.62139876588776,27,209.06081261616745
226,54.69539919432771,102.09387785322423,24,198.03541385414607
227,48.67535361885032,-114.90139587814674,29,202.31956074166763
228,58.56028230699858,70.4157519658183,16,178.85059261674436
229,-14.774482973977529,-47.15548481028647,33,210.13532285915414
230,36.800890426331506,32.04767472791961,24,191.7959050325883
231,61.2771813806824,-131.1778979805344,30,210.8726785777489
232,-46.15208706214891,167.6066134929386,20,509.9574567206774
233,-25.55258905651816,-54.052279702207976,27,235.0918895515941
234,29.53290608432276,-85.95265619380744,20,219.70455846311762
235,-26.277716001436705,28.82308758271644,55,149.5402776894599
236,44.98968460815665,27.942064151366438,26,170.8976173655084
237,-3.55059215928774,32.40479378398432,7,249.60145450222308
238,-33.77450333567916,115.61455893474484,21,162.6403600513278
239,52.91667197890396,-99.43577819962168,20,192.5404896760911
240,0.643716983591237,32.18736978788069,16,223.68938778096134
241,34.53742062201915,-80.53871913384206,18,281.4261892243732
242,48.657029610666434,-120.10765068240549,32,170.83956484115689
243,57.511609716573126,-8.987382732038633,16,199.18051491279365
244,-30.029950231444744,146.60447343803668,21,193.58261889439038
245,-25.923136152411427,115.38032025377487,12,219.5799564677253
246,52.27702851162131,90.65644585890928,27,229.94134324707645
247,-8.0032538393555,-62.252308506853495,20,244.54497908126788
248,55.01353154012822,-6.590626479401693,28,155.88072176492443
249,27.184546380394984,54.35741050135085,4,511.1068340762733
250,-19.674563946586066,-17.24914057834752,2,151.98591988284292
251,11.89437180865589,40.36141645876789,23,150.79151658346535
252,38.13445711115111,6.001290568175572,8,118.35742616613129
253,-16.799068429761302,123.85006329309185,14,342.97133511245755
254,52.4177047224291,111.4053186203608,25,274.9827023302964
255,37.867271852367615,108.64334025495732,9,285.22886707190764
256,46.33802079656445,-77.12102219753366,8,299.6921305144911
257,35.685641271368915,-124.06364156601597,11,281.45382666488047
258,64.903513334232,44.69020218946071,13,115.73923714764415
259,6.933885216665541,125.81099562616414,3,226.76904011336214
260,53.126221022324536,45.685902429090646,28,170.9278468473917
261,20.788901070263176,78.45603623389513,14,204.27707304216239
262,48.62194742331442,36.33136161691088,17,145.94650490247813
263,-38.10456206453459,150.2547406461047,19,256.979898618738
264,49.934848047329545,72.10826383555379,25,254.0344938634154
265,-23.143176092049703,-139.37728529445334,2,334.7861685254569
266,-31.5604884534862,125.2217674453325,10,212.32304506343348
267,-7.969097292324481,-75.58952383154083,16,228.70442947265022
268,26.980645779713658,75.66319393014336,29,149.34443509042507
269,-43.000627771817555,-66.09206097590543,29,171.56922945677104
270,-9.517698809038338,116.79236393749548,15,498.3382555710911
271,-23.99875123001717,133.76011553792713,31,274.247492920044
272,16.725768498468387,120.85318092179942,15,199.1894302834343
273,-7.773361599571275,-81.67946531849684,6,322.3752002268344
274,-40.412439793191055,-40.13636047058154,5,634.2472173774764
275,-16.271513185011514,148.61550505441986,8,308.585128806606
276,61.0695886484944,-118.03405523433057,29,207.7284438781517
277,-3.4204193788209154,-43.83923833427735,29,250.48129660431712
278,52.709939473419425,16.070453808018822,21,174.40243770392948
279,56.30265670735178,36.34093801853017,29,148.00578769185688
280,-26.894346658293006,151.34871895284277,23,206.4103796786052
281,47.125034037637086,-99.31242765536538,19,206.64677048101382
282,4.182832161983726,-75.42353339107444,17,209.71493092425203
283,-0.5167724052811963,-51.48702165784018,13,204.59066111746037
284,-21.761722155997724,-43.93310607547457,22,175.70256240649252
285,-38.033013896640504,145.7155475318392,33,216.76194698470258
286,43.187859783256194,86.50976071910988,12,346.8178127603724
287,43.62115658283369,98.06705520902455,12,290.75932344516156
288,63.23374300003929,31.769436200383932,29,164.6893951269806
289,-14.25894926644529,-74.18616115324787,19,212.00913434619858
290,60.66377268035751,67.38640789802523,20,167.50447845388052
291,-3.0230639514684006,135.28652752050192,7,571.3459432576843
292,37.570889277261074,127.20096908699432,8,118.71613500428721
293,37.965345246655865,-92.8458288628028,32,177.053031442669
294,-29.370269427888132,-45.31940616390871,7,289.665959430642
295,9.88914363946398,-0.6874138270461961,20,197.78179755101598
296,-15.552492520489018,-5.516360304982213,5,543.8700164589243
297,69.80139393639877,18.401232519656578,27,130.43729344724153
298,-22.080094537862166,-40.869952549359674,34,442.67758702157926
299,44.566660068824206,79.19216536732681,28,281.39195221563693
300,40.78877306339301,-113.82036533355743,26,172.81565905681023
301,63.94792329609827,82.20020596869905,11,241.33182294667574
302,49.711430996282246,-105.34930906129738,29,192.91890018882182
303,-37.91718757553766,-60.9023263922536,34,173.60637429688563
304,-15.54488866213946,129.5916187328347,18,232.68988215186968
305,33.590347280288945,73.09560812340567,17,270.82913508733793
306,-11.658847253548254,-55.61214464787482,19,262.6277925290634
307,35.51163060754001,-117.19901707949498,24,207.7693301061086
308,40.43913647970887,31.8758327159415,32,220.22570873791955
309,0.366913124260169,-8.832466772334923,4,339.743485403713
310,-30.032753164142278,-68.00590928412473,31,181.99653976419313
311,5.447202726221224,117.09326632465601,12,423.79206747966094
312,-30.996509101315,139.0419817271333,16,187.6338708686422
313,23.350812744444987,89.51588966107943,22,340.78211643476146
314,-27.856000686150594,20.234006138493474,19,248.3629176122406
315,34.84803522878362,136.21186781234468,18,146.00980043022233
316,48.81473142164597,94.84641275387901,27,219.49153931675025
317,-0.1857811015472178,5.547858039142671,12,349.35250315782963
318,-31.364687400626437,-60.94289471514073,19,161.72515891467404
319,47.85419508283026,-123.57724906664397,28,199.33356466955348
320,70.02129267577226,-104.10346462352622,7,159.99774244556835
321,-15.531973809189553,2.7713818502026135,5,397.50573726411875
322,-38.69859838895943,-68.90938902954387,32,165.56930023227864
323,60.255824964997075,125.10795897173324,2,297.5932372614162
324,17.726720997456248,101.67787409667513,15,170.87720560679608
325,9.635833802971314,14.330184279582259,20,392.68140192654295
326,-18.05156838966194,42.08791641595548,9,497.02816579747406
327,34.37143290373274,-96.70404104521185,25,181.40508695081172
328,7.398521403152812,-158.20502936758712,1,1.768307722471718e-13
329,36.92357604614462,44.79201979432043,21,216.76955849809133
330,-13.281672175423374,162.35698823655846,5,599.5929068816662
331,15.763961346312792,-15.20102212981943,15,241.49337510660428
332,-49.43415219707203,-70.66011409861441,14,232.76780936002532
333,31.867238575174127,100.03040232756358,9,210.25414081695516
334,48.01455409124701,2.524682962759139,23,141.86203449908638
335,8.124932478083775,-14.632653154166574,7,366.59243927849315
336,48.342191218703064,68.2501342521646,19,289.2956969676824
337,40.45905077421094,-9.000459012484946,40,280.1583015215972
338,11.583568400844321,76.83040730716532,15,269.1602387607418
339,-27.10050929670512,-49.83194467741592,19,159.45340418956377
340,49.5797760075597,1.9584103989000188,35,171.4542974529052
341,10.744619255723041,99.5366671929946,10,430.7646344776006
342,41.746815988360815,23.688803352565678,25,191.3807270680328
343,-23.586548353932642,-66.50065212524323,26,234.9266426552687
344,-5.2859285408657835,-36.445974232859186,21,192.01815706654938
345,37.873656457056605,-104.00314715786534,30,249.43950163569795
346,-11.259512974542137,106.05460032167865,22,566.9190857834069
347,-14.871454807727732,-142.72439907036656,5,484.30315180572705
348,-23.844864881882657,142.66360674004395,16,181.54036175878855
349,35.70802502566177,7.320520440544699,13,246.43502187579318
350,52.979448923068915,-61.00175753812826,1,55.914502743813294
351,52.03628972465204,-113.73220871732757,26,193.46692807829808
352,-6.007844946255991,-48.079189484721745,17,181.82732798548514
353,27.064004293416865,-114.90813889814721,9,155.88637080459213
354,59.513853894766676,16.703513799713328,32,160.56202011297816
355,56.48069522786367,124.82157866179611,3,286.03928897290587
356,-26.055346667651023,-47.41631657944803,17,176.8206342203107
357,-19.566931651127394,-85.48258079579425,3,367.4323493351192
358,-17.836661981343017,-68.93300130670613,22,198.27652557928477
359,8.023203389155984,27.926390935305353,6,283.9426823911591
360,2.2765253622154127,-72.17682548462949,12,244.1631391344365
361,54.80127334729879,-90.91791182566493,12,304.953743464949
362,43.98141403447483,-0.11644708693292756,39,183.15340006793514
363,53.82242050868982,5.917790897471735,27,182.7122677363146
364,63.25454352776387,24.1250098121367,37,203.29779792648873
365,64.6977145791876,-9.500313129290703,11,285.3753360109579
366,36.40976962225682,-3.2905740664740013,35,315.7349976441385
367,48.89779780956117,144.91146441396629,6,1044.046683139931
368,58.55072608010248,26.254789321246623,30,159.5249374826067
369,36.16751525461346,24.796762083128897,22,231.03382588173343
370,-1.646100972317363,-84.43140107938319,7,458.72195860851747
371,-24.618650811755558,25.8362227403207,47,136.39950622507695
372,49.10622134988842,41.36007572495478,17,180.67675205949294
373,57.100490396081526,86.1746716475719,24,208.92307460833175
374,44.06736130189509,17.47508888061242,32,209.14203072879113
375,-0.4407310900014416,-56.78366938856431,10,224.62691371451092
376,44.61930327520108,-95.1287334414157,16,216.4037348707792
377,62.54414550051477,149.57489386871234,4,278.35101280363483
378,-14.036444592618093,19.876832769641904,7,279.09441785695105
379,58.77028238826316,6.64160336783979,30,213.52088075920022
380,55.49267138755995,-120.7724206747951,29,176.3408630383782
381,47.19642621711371,6.69894970882471,30,170.5667520466023
382,3.6468178976163848,19.718455100416467,4,172.9546175117371
383,50.11770492076515,24.70415609513898,29,179.53948939250324
384,26.894344539500853,-98.41830722974689,25,315.10311429961297
385,-27.993050380295976,123.11196907585628,9,194.52583729240666
386,-24.268406241087504,29.780806602958773,28,120.91419326032413
387,-6.9900645250356925,36.88750392741922,6,238.30594379518513
388,-33.522739311548285,26.911789869142922,24,228.70151030419083
389,-2.8646743567735165,147.09810871810342,4,414.3738831742164
390,-21.035372963085234,-49.45381398084782,19,157.32319151620092
391,29.118547138008523,-113.2807897763368,22,186.3226886616992
392,-33.82026658785941,-52.720657457705634,20,211.6201754352672
393,47.39880973776494,113.11598060296446,24,300.1350493049403
394,21.35277889014395,84.00067815713676,12,283.4720172160535
395,-39.84048870148558,-72.33808117166072,53,199.96225862544728
396,65.21220080545474,13.076270607751182,35,149.43190148431273
397,46.03644148110721,-86.10040855440847,31,203.36600671135957
398,-4.044942060801895,28.706568141699456,31,355.3820276391319
399,55.25289875683573,112.3831094926159,22,281.2841783761514
400,-35.974118680804345,136.420199497875,25,307.0408147177121
401,-12.324059363151962,-65.0908454273447,15,270.72928365717166
402,-18.035591660743098,19.977862308463347,8,223.947969641811
403,57.61574710511659,-1.1450339696636471,15,144.65796057086848
404,38.66893238480555,-88.91838288497806,29,195.2717155186092
405,-33.488475256612446,-80.99042281254174,6,670.8071100943574
406,67.54314201937406,-132.01812869151232,18,231.49529904235118
407,30.113047950202386,-108.95438389096886,15,176.25418666033679
408,40.669942422254756,-110.40157555393517,29,225.96332150397978
409,17.78616037020426,77.40575045167448,15,189.00923856221976
410,-0.23500852529378452,34.893516146346904,29,229.6841068214176
411,38.55047425367257,73.51885759267873,7,294.4959071041703
412,56.14678507532549,40.85417833396547,27,149.1286121864782
413,-21.052270670664875,27.394168575127,46,204.76286505424176
414,47.87556551903445,33.25525911897438,19,182.80622327994934
415,-20.709705339906943,152.51836290841604,8,554.6201580077378
416,-19.26565092873074,-73.04109976940995,12,336.6935128539708
417,55.98135984540109,-108.43546057140932,20,248.41516435475816
418,44.51014347570371,42.268630734290085,34,202.44008853601733
419,28.511783663998738,94.1762588195117,20,326.7380982119178
420,10.114917613420612,42.83089108965336,35,214.79306772095998
421,-0.4404130995426073,-40.27286439810415,11,430.57667156625604
422,6.2070219236518165,82.03794994900315,8,400.88417549679787
423,33.92337586844341,-90.79304418280614,16,182.39242198289588
424,-13.263570236602192,-27.872947425332992,5,676.405297146359
425,52.83747564203604,86.06903019862253,38,190.16440702351693
426,-17.700673268934278,25.5703874749314,45,182.46286764730496
427,11.241616225528333,7.781202150103684,31,173.0910528051396
428,11.783283318414611,-69.45092164894265,3,188.60891645051
429,2.1957274666854647,128.9479981633836,3,253.3665111642772
430,43.12541664422199,-102.64008792671316,22,206.80329492034247
431,68.35161828056359,75.84176386964934,18,229.73150677703723
432,-16.56852427417193,-38.95373073880206,23,375.9471098740189
433,8.267564716221566,47.07672888585204,11,227.5234810464273
434,31.184463448521875,113.18324908309276,11,263.9332652991186
435,61.18687960808769,74.26385225203282,21,168.6734287254909
436,40.2421540317495,20.628221010747232,33,203.86619795382538
437,49.010168217029396,-8.623000633590067,12,364.58468814665946
438,29.70951092327156,84.58378480152845,15,277.98709426382385
439,-35.1735277895394,-61.89621480388552,26,168.17326053216306
440,39.798980661407285,-86.40536534230453,12,133.21996140459024
441,31.36410476014375,35.11157001001098,36,963.0711068507386
442,-30.951688963185763,113.01597478275319,8,159.67144765496363
443,36.86144487325776,102.71379040654477,14,279.79493328696054
444,3.2284870614350925,-3.8768795987482143,15,389.86577419081016
445,53.734539103230524,20.456411387042355,27,152.301620011221
446,-45.33749552114199,-66.5689459332124,18,217.73690863587376
447,43.258353619142135,-119.81239047173314,41,185.26430581468952
448,51.52421390349533,-96.13280952461135,24,212.07678684251977
449,47.5066445076384,89.46988723341167,29,285.8400884336671
450,34.33360919788778,-99.8363101788649,32,209.11068601077034
451,56.28143413325613,27.920122987633043,36,164.6038511799012
452,64.15644683864345,-86.70593583319621,8,326.51691560562125
453,-15.849847064655883,132.71652664477443,17,171.84266575287165
454,-22.04254998479603,117.47227525002187,19,203.73027758896274
455,-3.144659962327718,-63.78873194614803,13,298.310832546571
456,-5.395821847081097,-55.330665905392934,21,209.28744614332467
457,37.20520798872553,-8.653289238679298,32,280.2362844093504
458,29.25879484220057,80.41051790101464,24,215.7706601725298
459,-9.121788408717205,-71.01643482258075,23,240.33078738423316
460,-44.561609190748825,-71.94933460935908,30,336.6755784427118
461,18.914741608661757,25.57602383987673,6,461.4215773597859
462,-30.258915388201437,-71.6113899637031,26,375.74730970261595
463,64.33234200497922,39.90733999852232,27,151.53316026378621
464,-13.352365231862253,30.827761411688165,12,365.3544417620301
465,54.098481748671766,69.74670430686743,27,193.77135938083816
466,-27.013285872251586,23.104003520913324,24,160.109553046037
467,-30.28005339356821,32.85367779639372,12,333.61040885724486
468,-16.572519538005583,-66.1850333546993,24,303.05568946785036
469,-16.104565758370136,141.70490647344877,9,218.58535265255188
470,55.46147777082275,-125.80608772810773,23,184.19328075794425
471,67.1867816143171,-117.52310738075309,7,157.42748943458477
472,-51.62900631927897,-71.0751459365716,14,156.386406445459
473,62.05424830929891,36.46977579470859,16,171.31429081967812
474,33.26121864914335,-118.610360309197,21,178.70212376433338
475,52.46486411335034,50.19412986883889,9,281.36975379904896
476,-17.3687852921233,-56.684414708913636,20,256.3900526235853
477,49.95140409895166,13.691732452610877,28,234.8650955582239
478,54.44260625512983,40.95341364600983,12,169.15572498712385
479,14.227732214861902,104.14237301451992,14,278.5649623320427
480,-32.78800210642325,117.73386796390135,29,206.0937949924318
481,-43.067989510078725,-57.034923954151814,7,224.9451440725572
482,-13.337605983242893,99.10458830504416,10,334.1495632831736
483,13.85849388475532,0.2009738001137629,10,273.83284144206993
484,6.553638860391943,32.333007801640505,8,278.51183048926345
485,31.51071783055773,66.78751012552911,5,266.9002312752985
486,-15.472291383721227,-148.43187133753995,5,540.784889917878
487,-41.6000717877921,145.92983196311934,20,192.73822300794262
488,55.061307481962196,1.277565589177791,12,134.28863003180234
489,39.93367602115589,9.384771054995978,28,257.09636341704214
490,35.27199595806883,10.70675068775028,28,195.49314311375824
491,56.27858571266741,-97.55807986567999,24,222.93999373822294
492,8.098424415188596,4.916999509470022,23,201.0129725364971
493,47.894081081620634,98.92422793703797,26,235.43163160397987
494,67.5332166948374,35.6665218302494,14,189.51434274031624
495,43.557079577183835,142.78192969618672,20,265.07316707011745
496,51.104951528842875,80.6167997451813,25,205.1223218119461
497,19.142152304204984,-90.0740102541118,7,351.5702486380673
498,50.69134065661044,-5.585029106688433,21,151.55332916836568
499,38.10009678399919,-121.14521985689402,16,193.61092893106246
500,48.24293365557497,-88.9961178860824,25,185.7833832394733
501,45.098987404030744,-90.01989394837946,23,162.44739377607655
502,-23.354615960045994,31.688828544852193,17,497.49405050399554
503,66.03571173736013,24.641134769992618,37,190.30147621207203
504,-5.555572695021016,104.19766091821127,8,452.4178471073259
505,60.95198371509322,5.435027642815814,34,193.9983669998426
506,-13.81846579569759,-51.58031888632628,16,209.4690787702745
507,-23.689946013781,145.4747283405863,22,185.51389289882778
508,9.628685679580855,-60.97016684467564,5,328.73001746215084
509,-30.34350683443085,118.07365040588553,12,176.64771875111566
510,-9.707362208309906,25.161055386899744,14,339.0595781354764
511,31.234619277592515,75.2981152937238,36,264.00185162766843
512,40.39046069365274,92.00510324484634,7,277.23961851492993
513,-29.171691083268723,135.2909304863434,17,240.13688801270723
514,56.612685713374646,55.340573042616086,7,306.15169510801235
515,-10.998440613144748,-47.67301576476398,22,249.49735603205846
516,20.140385280500947,74.75094255097494,9,191.7071954976705
517,54.431494925562916,-112.62177526192764,26,191.978246918387
518,41.076154222446206,76.17425597404787,24,184.28705955342073
519,6.172179220030698,39.39103209871193,24,200.17024865305322
520,19.218341514736068,98.9842846557387,8,398.74875633970055
521,-8.499413758381937,114.21807821841018,16,232.82925391626185
522,-13.350631301230527,119.1409576747528,8,234.24593322653655
523,-31.064399460087564,152.79120281561342,26,253.54440207871687
524,-30.10749315538037,27.440722683112472,27,169.01958861415835
525,-5.998514339199061,-79.12015715476959,15,186.64209663473608
526,47.399401600181434,-103.11724820141006,28,216.47518653169556
527,-36.61900095206331,-57.97644299424522,27,187.28571401609562
528,-8.392594228988326,-79.38633901723767,16,330.80750550083206
529,29.04998142063818,-95.96006054908493,22,179.47827513073247
530,-28.025116887696324,31.28756507672355,28,197.17304198940786
531,73.66648745654958,102.52403119559516,2,212.5810039259043
532,-8.10597779573901,5.287942582888682,3,374.2433706626179
533,-28.072652725314423,-57.89523814115839,23,204.8470420765335
534,48.23034882659329,-2.1371592293299257,36,178.85320772369673
535,-42.29322188314566,142.21429022704893,10,302.1259003659638
536,53.19769395782752,-122.18532306002191,22,163.2975562077246
537,-21.745192406304284,164.9366793193326,11,586.3502120630925
538,-21.547779580464205,17.987202431462507,7,206.52177870693146
539,35.80320188783596,85.31853770728647,5,400.1871252975567
540,-32.65047457363558,147.59865811629018,22,120.88495854888878
541,-18.6855500116808,62.91619776285947,5,301.82479499406764
542,-26.470758182230057,145.48129494478349,12,210.32942138961462
543,27.748209279629073,112.5246661479355,6,221.61036837694988
544,-8.646204815015798,29.209249268756576,16,259.09320400344785
545,-28.3349114183262,-51.56139626367208,28,215.23706019465587
546,-35.066088924333464,148.57923064925998,30,207.2904890862593
547,40.032897525135844,-76.96838362967486,17,276.04976692538173
548,-42.19251911483672,154.0428183790443,4,253.399774431129
549,-23.85647427063973,149.72292717368578,21,215.95197348380523
550,-31.80053829549485,-62.99566676133567,20,167.3362247646558
551,52.29342288795842,-132.00361074971946,34,272.8962872463865
552,-18.066729128394247,11.262268922334158,5,464.11895704697923
553,-1.3073578976356295,-81.30644544021283,17,228.11657522696086
554,60.377727387435954,34.9659066625003,25,189.40141797849168
555,6.893164316934633,3.453756237977435,17,176.67973215550296
556,58.56117892695523,64.94418615970221,14,248.3812698873152
557,-7.206054814243109,-38.57363088880939,19,186.74290747835806
558,-12.004070164047388,-74.30713674969698,14,256.8533261914851
559,-31.99245074894282,-53.9899384866216,30,172.19628583902679
560,2.8138505408611367,29.042080712166896,15,258.1019508179666
561,62.47702599537738,-113.80036290156868,21,206.21334859523546
562,-36.949305427379244,142.25002355296414,31,130.33962000200518
563,28.362199137216866,-89.97888400162098,11,323.5271326928826
564,51.98506165570769,66.47051222195451,22,476.79237067472224
565,41.90049335903335,-5.536885576475477,26,157.04725198404603
566,9.17251166493258,8.449346358147793,28,210.673612804589
567,44.124147198124845,-92.67022728686644,24,153.5982136615405
568,27.426321332499615,70.23849647113822,10,194.63800948059057
569,56.295085770235744,73.38618618790278,25,183.6909027932457
570,-32.33796075549915,-48.3508795051529,16,237.33415527257299
571,61.81560733571666,17.160305654739528,30,167.99349548102253
572,-27.323248141054954,147.59238129654673,10,187.77708752014152
573,-41.89768450917997,-74.13730848839974,36,492.7039582717053
574,-34.02471698393634,122.87633565422699,12,218.11944235933413
575,-19.568638135921777,-53.608337609942915,21,180.54808589427154
576,-29.989704662024497,24.709649261890526,19,199.19827350977135
577,-32.54362231216581,-68.50462835460489,38,174.78810598020692
578,44.21601023990737,133.06854106285263,3,203.5535770153852
579,32.61503865592195,-84.59147939590385,31,250.5788793495456
580,28.289512549631844,-102.87342559835399,24,204.99306412020752
581,-13.053530255313376,-60.39421708867839,14,207.22453702751818
582,56.37894176849304,-130.81969643913823,30,232.6764832272649
583,55.526197372638386,-102.57556138964279,21,223.84026860683613
584,66.24330518338195,68.9677933250301,25,193.0210232541289
585,-17.493567587750338,127.94934608577609,12,207.88822865036576
586,58.38956396638727,48.17672443662311,21,257.7862636282534
587,-27.66312202906542,27.78442434509062,80,173.04129389592381
588,-14.319190021166746,-37.80327380372264,13,365.53103715213257
589,61.343482772424224,78.40101411260564,35,216.74222033639364
590,40.80655464960396,28.581236495531947,20,170.9000363965196
591,34.96389237221066,-113.30614018613618,26,211.5396941789314
592,43.289372060622604,-108.49189438436161,22,195.5185531042338
593,52.02357125003072,98.68216885414566,16,236.09306529578654
594,10.56954749639569,28.441356701949697,9,214.52140929423746
595,-6.107692133479255,-6.406964074159554,7,310.0081940793716
596,45.18093345521093,70.06572823774579,10,205.21021426864533
597,63.32918142287698,12.458171678223183,36,151.82818133304286
598,-25.463789944173378,-109.01312244589624,6,1039.0818524127217
599,-21.766133846818853,-52.01249518897233,18,161.36565490618685
600,61.26206630531122,-125.5963606040278,25,227.24217093506672
601,-18.986239779239327,-44.225084840577516,23,176.64172711610183
602,-28.266961828036337,-54.65909943155263,27,192.62400962818825
603,-9.115718313365676,-41.32924827015786,26,237.1575176126622
604,52.461236565487035,33.38186739070641,19,156.87740184577015
605,47.29361228453642,18.66283676027156,33,193.56353947762156
606,-16.021413475894292,145.02012212203846,20,217.95278856992107
607,41.708989450157866,1.0272208069426632,33,178.10714928940723
608,43.83000091963582,-84.82935688353288,25,195.6504662104144
609,46.30856203227694,-114.71612800140527,23,191.86347277197393
610,-10.617939770375893,-58.7574930248131,21,228.6772716177252
611,-1.024605167502958,124.43521692253397,7,413.3027328875284
612,-14.683340891816892,-54.81339402672136,20,168.20776227773126
613,32.95946017277811,-106.98047698911597,30,249.03308378304547
614,30.668924765716632,120.26967018292608,2,26.800295227004053
615,-31.411239497063193,115.85072197343843,28,177.51545071395856
616,34.4735460182173,111.38992766695925,10,299.3256620490782
617,-37.26205164223868,-67.92452216459098,24,157.2679375356572
618,-33.63989709608499,19.069103653304673,35,206.64587322545404
619,-0.11058166988737399,-66.85122184736191,7,231.14907354071283
620,-25.652241549236244,-63.96045334850382,30,208.47832586157358
621,-19.514455105019543,22.073875393290916,14,233.2589064718975
622,67.91695590644208,14.304060313237878,31,131.1577093656647
623,50.60079899104464,17.323114459089137,36,174.0250039636061
624,1.0698853040887082,-74.95125769994499,19,218.8364207744118
625,34.40264610671891,133.37622417649123,24,185.5052261022792
626,69.88986044138025,10.925577314562554,11,171.58075662616415
627,39.43918230185255,113.17276673152067,12,268.49363013439176
628,48.571269758516955,10.661442284816937,23,172.25638121670335
629,-25.896723706614036,27.397050890429874,69,114.96259354542612
630,-33.32747147340546,-61.77403688073146,20,174.3799522383678
631,11.338036217696793,60.550719383743484,2,270.5754222379387
632,35.762503300941766,-102.88904441341717,26,240.81067259550278
633,-25.991397997654563,-70.25787470431088,20,222.7731604521549
634,63.82712518645471,105.38564366010586,8,340.3615831724759
635,40.10286246849658,-95.76945056130397,34,183.2151704763027
636,-28.231235890543662,153.19939384413487,20,193.62106473572928
637,31.049436672730494,-90.69681451833637,32,189.6040039408217
638,28.617926919938093,-81.66706066228502,13,278.9171924369731
639,45.5834684141892,-123.79338828204395,30,340.922553569956
640,-6.404243748222952,-68.58217439648688,13,281.3166871381108
641,50.880880217484545,-110.21589400706436,25,187.70571458985293
642,59.97676573759612,-8.455032490686923,21,194.64828836217131
643,-28.56963669619746,142.0707088558487,9,222.12567621088243
644,54.15594690305464,11.138200609389765,34,238.8743841011684
645,50.651305348830974,-89.63126757993473,21,202.01141104341306
646,56.27168413516118,22.907254095118972,25,166.79270221426583
647,-14.498932766574121,24.837378333407422,12,265.58259670787737
648,45.42973401749856,-73.5249349709266,15,176.70860332481982
649,14.400646908891755,-16.977163833560148,24,316.46233179027536
650,50.43502282570099,-117.86249789964162,30,195.74300353882754
651,-34.6978862454706,16.41514327173826,9,328.4615676146272
652,-3.2064871892205993,12.596500941946525,14,358.94064761222745
653,40.465364806925834,35.32651981102628,19,205.7902963418235
654,42.25971309224422,26.37987821745842,22,221.2115368111748
655,37.75348704578595,21.829440976762847,29,204.28044027239525
656,47.399678971549775,81.31740371886802,25,272.75206973038456
657,-6.520482418809381,-44.94976333510601,27,232.57515400385347
658,-16.51790217162403,136.39563785621024,14,240.29389681137874
659,57.28118564615663,12.749907093178155,28,159.1378840508569
660,-26.325322459747852,111.25636952890133,10,360.1871391115876
661,7.88686563151922,94.22563739725139,3,318.30573098575684
662,68.77287619758003,-107.74742683762744,9,286.7520644423096
663,49.80549220548787,-101.00124273647796,28,177.96297969628708
664,-34.03466352842081,-65.6148358813304,37,172.83669036761532
665,-22.24559751914288,-150.63479326892042,3,576.2679731154229
666,45.06518533544257,-98.82827287383566,22,180.44956405446752
667,-34.690213333800436,-58.75296556779624,51,145.60894888559005
668,-36.89682310954872,114.99398268770909,7,209.4993106818071
669,53.21596095453839,107.3326225901019,20,184.71887906402412
670,-28.711318041940586,120.15435610363375,7,149.29221625457487
671,67.0202180565957,43.61645776758804,16,226.00920775587608
672,-1.5085673754087223,37.31857579573064,19,240.9951243680231
673,-23.728677111776154,20.386123700541365,12,233.3403230991252
674,45.83491380472616,13.51925105982129,27,178.65726465389255
675,-3.304197892266721,39.95169236257874,10,504.88898602472074
676,-3.196051567789669,-74.12526908513449,13,209.5643589824644
677,61.262580106927224,45.87085563485466,25,159.87258400269087
678,43.63724078654306,103.0615240705707,24,211.66549657078704
679,-9.973549858714595,-75.41289760661283,12,140.4292222796203
680,67.95136055478916,25.788839167851282,32,176.20638974032897
681,9.221602799905572,-75.93565397259515,9,298.8487037620173
682,-37.168979377003815,-72.56858757214566,42,176.21511219955536
683,-28.46206535415936,-61.95579021120809,23,191.07216574991213
684,-4.817098827524247,-81.22912001988651,17,217.85011965865573
685,43.939029319562344,-4.5853205464274955,21,175.55358130633172
686,44.493864975942266,6.893657053042973,31,196.50682809396466
687,1.7707250723293417,9.420833222629804,8,242.52636773293182
688,49.52452845632997,28.911840213852162,22,187.97129352851672
689,-25.509665234214168,152.61122342276428,26,402.52976270003103
690,-32.672736503331116,141.80178102724415,10,187.82928286028022
691,-34.508368007889445,154.99035388860938,9,374.26407538298724
692,47.354385243885865,27.43576317517576,31,192.88485550665297
693,49.01938026504245,-96.29974205100869,28,218.24991993567212
694,39.609413167602284,-127.13401435408845,12,272.3265043695604
695,43.37092604414279,21.22487386120702,22,171.6123510003591
696,35.77797117442016,-77.36502072220784,15,277.77959074601745
697,26.737623376436495,88.37781394296326,22,277.345385465122
698,-2.236214036536793,-70.14715930657991,10,239.42489680638693
699,-11.287569515360499,-36.77309272036992,19,190.25654052850845
700,46.918556026790704,38.34456882516188,22,221.30381285164128
701,0.35174604474930676,117.889264928381,7,264.3417937134405
702,-12.34793745509718,-44.323856735501366,19,201.35338657656163
703,39.71093312002301,44.786404796567716,30,301.4212863621532
704,8.885920764159529,71.03170099532039,3,302.1377820256392
705,30.882578220710194,104.24679091410803,11,340.7871302418939
706,-34.492974599471836,138.82177093588695,41,182.0552920213664
707,45.51133829094186,45.926037741322354,18,163.5792404633881
708,37.948853033817855,-98.27063060640114,31,193.10170580896207
709,-19.389580074491313,139.97531454950226,20,254.32136222262514
710,-40.51230779774737,-67.87854135917607,28,179.11257579971127
711,47.191386154938,108.14573482364621,19,183.77916152841956
712,-22.649007508785118,28.70464408720247,42,157.01936834379882
713,-27.949417236607875,-69.59077938442395,15,178.99385135927315
714,-40.2552865288746,138.65300256543284,9,388.2385208351233
715,-17.3168375357574,-61.690408337114256,27,299.22687754364154
716,57.44015217917164,101.08009775538474,12,195.94587050498868
717,39.987405264433406,39.07536455755708,27,215.91557547598234
718,8.50259931252516,-86.9117416503493,9,535.1060081427149
719,-3.4320389743983464,-38.143786468034016,22,264.4291042194436
720,52.94178896902966,-6.722888216928623,23,167.25389517446547
721,-24.36425405861003,-43.849747302322875,19,305.1698596388822
722,38.558484491854095,-107.66676316551809,28,167.72608696366302
723,62.779614448527,66.14267948991545,22,161.49057311910894
724,3.818252753121017,-49.05448443091349,8,893.7298707280661
725,29.09116635453765,-106.23175802173157,22,253.2059137911308
726,19.741621125056785,-100.67249343248947,14,418.3112296236002
727,38.786129418924226,-0.9068562080861113,36,195.62002964467007
728,-16.70340414523721,-75.54143403192138,10,189.87774347274464
729,30.650680576842287,70.79797890093154,11,201.29551418319556
730,35.8829075116132,77.67885113780085,13,311.24764264766924
731,3.740081161081542,-67.08545859481578,7,300.10522088112526
732,-30.32266445472344,17.37283813293577,18,256.9438090698925
733,59.756454854536656,-110.27781825632697,18,305.45633882001954
734,58.35038216571447,37.518065947432994,24,152.7704593051814
735,67.00755906848539,-124.18217881334846,13,184.54308100442535
736,68.33031003778466,20.824223609574197,33,147.5264579687298
737,-3.6512281506360296,-51.225687651498,16,250.1061016284472
738,-0.5930378173028797,25.058089842990253,5,203.05323578809484
739,45.9203924289296,65.12866070968764,16,319.7613749258875
740,49.71924150097541,91.60843827394824,21,199.81111994913869
741,-0.3169394918281526,-78.7304193910752,22,213.32162580921428
742,8.8602066019963,11.850287579554188,19,254.67064245139068
743,-3.560043961202618,-47.605323297148,20,188.06850871820188
744,8.109187915354884,139.94362755370906,2,128.3216136642464
745,-5.502579701271965,-62.921444180286464,18,214.40535102185424
746,66.51143840175774,80.73556066159297,22,190.1427961940064
747,14.583687205329094,6.752040134686001,9,244.81775772851455
748,14.72741673832388,74.5685068831358,7,152.63957662479487
749,-8.06276497445454,138.577059457935,5,328.9481761391868
750,47.31584736053745,42.54866672900657,22,161.03362981629428
751,42.41644060441271,-95.59062748871311,24,164.29125248903776
752,-25.747439956073848,119.4711080522902,16,273.33183580041594
753,59.79755995979549,85.81393120581563,10,123.39121026682824
754,6.848995781234187,41.87628817404138,7,215.1521627430604
755,55.91951285923041,98.65272601515254,21,167.60462653612532
756,-31.712962030681965,128.4116910267275,13,329.9802399812216
757,43.81480908926531,3.2654538091836955,32,153.5128847357928
758,21.36813438616641,72.55377453864936,9,115.91267400495762
759,25.603686924344558,126.67987423389567,3,170.52186514977916
760,-1.6228617603349362,-54.48926301878915,21,231.79546102229443
761,35.56660127307232,-120.42678739659513,24,159.32649463239335
762,-2.2106072737360525,71.92384804766884,5,513.7786031319856
763,28.222569851807105,-16.568567227877775,12,134.0101826653617
764,-32.44170455371865,29.331304506336327,20,253.81151477495405
765,-30.619648069675392,-23.84172516549543,3,261.94867042262035
766,59.94607368256213,-0.7505316674774142,22,202.12284995425014
767,1.1926800078742803,15.791883191327289,6,277.81790452981636
768,3.0789543171540927,-81.44064918701709,13,335.0746615059484
769,16.80404255204924,103.88771265795421,22,268.15775472695884
770,40.936082337059865,105.63738632643408,9,227.1020657022771
771,12.48115359310001,-15.364703494671032,21,226.0743647789727
772,-38.21110459484594,-65.41831243992054,31,168.60818588263712
773,-32.86817357179447,136.41098090902454,20,207.87450720689182
774,43.37596362029502,-78.95321745884999,21,242.42838630196363
775,-43.93636213338109,171.26568347107815,18,198.78377892818574
776,-17.32186203334612,-158.2719563168378,4,506.67417697566344
777,-20.02961730533733,-46.52160286450293,26,176.1070376591646
778,12.724853626762174,79.00553429661669,17,245.40673072199573
779,58.717544596125116,12.20551582731156,29,143.57493156059263
780,-9.367024065882733,16.036762375557792,11,500.4410476462575
781,45.889211171390414,-66.73582927875275,9,317.5685742387654
782,64.46348138273349,35.107926660194295,23,157.00728049152147
783,50.58973312685286,-123.33104583110035,30,191.1856449984172
784,-29.58990701555555,165.07149638991075,5,430.7508656949896
785,34.32981597460633,95.80240510295295,10,348.68402409652396
786,35.859690348753794,139.85272684533393,25,191.81292849428309
787,-1.1490146795116145,-92.9583763619242,2,276.7850285013967
788,-11.21960280942938,127.20983366542693,8,343.4287576898461
789,-29.061522226077305,45.67411674183032,4,590.5222659070301
790,-16.91551664483028,-46.25714294279868,19,174.49517287955388
791,63.39040333469323,6.454007902064106,32,281.64556246032816
792,-38.219946601662244,176.11580240971224,24,193.6123842589941
793,-18.725802673930186,118.89420789827,11,257.14835948433915
794,50.94315544928935,42.98997576494474,21,133.80148520769265
795,-9.491423961162019,161.50391133275548,4,182.41708170772174
796,38.18866688098926,-114.01508135555046,20,180.31148531464854
797,-9.039574583388603,120.85554763093576,13,322.2891146681921
798,26.689770814612384,83.39168168049672,16,246.68021735461883
799,35.7182292007233,66.32752328440216,8,484.0693741463778
800,59.05671045753243,-130.10929580627223,27,231.26058834661927
801,-23.22350510086979,-70.36076926908683,16,259.5469535992227
802,46.685999658263114,0.3679858086935652,26,157.2233603933612
803,12.983416272431057,31.62633324003276,8,384.7863953894109
804,-6.460113416943123,-50.887909351356335,13,209.3900588818239
805,56.05239116890202,106.98052665984008,18,180.36869508968854
806,-33.18719782929418,-59.78192844879416,35,194.66911016728997
807,65.53344219199288,18.62065528242889,32,146.25280936201708
808,-17.257654769576593,15.927764980082975,7,225.93349474381913
809,14.860538230558156,-8.56731686505913,7,232.5626447517007
810,-30.734462785910736,-58.838667200868414,37,183.6628078914035
811,61.251190620135475,25.62270113786545,37,155.25072084924037
812,-53.84519728288073,-68.49242810057454,5,163.51873048847068
813,-22.65320798605722,-54.7893188072179,24,207.19710893583064
814,56.828563284105414,-85.79394186308721,7,292.6979585105738
815,-24.4103661641149,-58.68332590673693,16,312.729961679545
816,-27.71072896149693,132.2043211501461,9,178.63844812711628
817,-28.252671543453545,116.13773854279243,17,234.19091600743656
818,2.6348146450661463,26.603303045428333,12,217.08051258210384
819,32.720342596936284,-113.37454246329658,22,191.9542946385137
820,64.84837510548446,-120.30195026971396,15,221.19440938549255
821,48.26827041247255,-110.22235420302687,26,153.33758502634356
822,31.957097413059685,-98.98380210463645,12,158.70880446848557
823,65.59750138418401,-105.10029959055835,12,250.59016823854105
824,51.92119362362418,4.135426613764171,22,175.7200814828064
825,3.3491493763937457,35.13241542880063,11,249.37921659529687
826,45.024341080323126,57.225032863686536,2,217.14104113696484
827,59.43331970684246,-120.68820780235673,11,163.24350646513358
828,50.56474777991555,33.00829032055405,20,167.52689887551136
829,35.585795151231494,128.36293779585884,10,287.9978229355435
830,10.434152057600295,-3.3101693065636897,10,205.0219669917257
831,-24.989202129843974,127.69922540773786,6,335.6821110999987
832,27.347781706717658,107.7025513290445,9,204.70672146172797
833,-34.754645262172524,111.92145445490577,7,259.61044669867306
834,40.330997271082964,72.24643959691352,15,167.73932680028267
835,-11.297025203791383,122.28452496692908,7,188.19945664187108
836,-13.078040866152152,-40.67983887129902,30,224.01040841730577
837,56.34902211075182,7.533092047463098,26,229.48575077907174
838,6.591436318786111,-8.51244300274184,14,397.0213593624358
839,64.63992021910512,76.26935775733952,25,207.37360469283325
840,-3.9740304526114194,-58.91448069685946,20,211.4492711402095
841,-12.40394200873414,-68.58468520808233,12,260.7721401870269
842,-19.89122386490719,-66.66757213154315,22,229.85329046633868
843,54.894679708632374,60.37908963489493,14,242.83739140285738
844,-7.078386951673386,112.28910127320815,23,259.63800387427426
845,7.858498084880772,50.26911193468951,12,419.7720206030659
846,-19.905524655408232,127.45442965310677,6,238.21075678214436
847,52.496600224317355,-107.34640100319052,27,178.38378121373088
848,54.155110330946904,37.60874382848947,21,139.86676292168468
849,37.590689525269234,17.91097031646451,14,193.09712919605676
850,-22.95085287452473,139.0614985561345,17,281.31249936944744
851,9.37399606223875,107.4028668409726,6,550.1603566939846
852,41.32864820289812,-88.90936485815608,32,164.57910307319818
853,-10.4666972257911,-63.1171714099119,22,224.8501543720414
854,40.64992142715846,-117.627373902527,31,203.9043671168193
855,32.735123642312665,-16.94309464200795,4,29.55472415691318
856,58.415970098062004,22.850765278915457,26,135.5441371051189
857,-34.46676521288843,146.60201252730369,22,196.36835879705868
858,53.60860731570666,73.85677664325574,26,228.71137641105213
859,54.85016837377214,89.2588024954888,34,198.5031588921652
860,47.75961601565481,22.401073723316443,25,177.5137263729333
861,55.21063827897632,-2.2882162391060445,20,125.44676773213419
862,12.063346705855116,44.305300302268705,25,215.4875326617087
863,50.82575971461794,128.70480847672647,1,32.855856750774784
864,6.124647364635708,37.36899285624578,25,340.51449249566434
865,18.745355924765608,81.43108230685048,8,229.72060361738116
866,15.93727046980896,100.84204381283207,25,199.67237044813015
867,3.3347860850647533,98.81129732777235,8,580.3627027938395
868,4.815741169136385,4.406066181861832,9,270.093453007546
869,-16.147387486004007,-49.970065877486476,17,156.13439901639782
870,60.17404818327661,-99.38965086579033,8,300.12080409011696
871,-19.791759279559805,145.0825078928805,29,219.206311450361
872,63.07351814231819,-130.5520591704152,19,207.59842151475024
873,17.772648817351225,-64.65818543045874,1,0.0
874,6.072333378141142,-0.4005970119821491,30,224.99623935846154
875,51.87483075105237,21.85709392419106,27,173.93147486338853
876,-33.6555467289643,23.236641711328012,26,237.1675848754189
877,18.038759570996845,73.8435356023903,5,164.08555153954364
878,56.528739010066786,67.70944714974343,19,133.28221391065077
879,26.895273117424427,73.35695579897218,20,168.77455306776523
880,10.396425969474762,38.227544951720084,19,166.24134032965043
881,-30.42695073217429,-64.53248566432005,33,144.48779730136616
882,50.743433804378945,46.68306699447763,26,159.61798198252234
883,42.46678073147224,100.09792278274622,8,167.9787054272467
884,62.308911411420574,-7.891588737396595,16,225.2286016507947
885,40.4295696058172,-102.2538026810705,15,154.50640849462866
886,-22.269210063510894,25.879850646043323,44,151.38163449876004
887,-8.779734627564432,97.98568481253066,8,284.45782739893644
888,-5.902837751668715,-76.56373391959636,17,194.9335781918239
889,36.421037619415245,38.809147265748145,20,319.64095019821536
890,-34.61124898039346,117.77482003660394,17,170.51879152887048
891,-11.284303932227264,-50.82295120378996,22,220.1286194612814
892,36.82180675222553,28.942033225095912,27,204.9130252071611
893,30.742707946757424,-97.93024454674176,22,148.02806247867238
894,53.7575858568972,55.50268031775911,6,118.1215841661032
895,12.20857303586979,-94.34217978175347,4,363.11430645164376
896,72.10446510531325,81.47579612938702,8,437.9263315311795
897,15.171821254402031,-4.37974513227729,6,167.42724943546258
898,36.319134571274034,-84.44597373194665,13,191.5274898092996
899,27.613445140124373,-110.55768310899738,17,201.9243191033483
900,-20.493563045014703,31.676360367505527,6,240.1628032189657
901,57.64555977413488,-4.945395586510875,17,142.8441133290177
902,-1.0651132152080127,-45.71900578230386,16,315.50365150267424
903,46.29821899704698,-6.203632115248932,14,197.62300809522307
904,-2.1823778148134654,27.710200568223957,31,340.4683874638867
905,10.394960792993444,122.788267604415,11,286.5220587284108
906,-43.21111634907226,148.00085851666597,28,435.1747033923354
907,-44.81838460765665,-68.94721615941701,23,149.45789436367613
908,-34.871515829791875,141.80358928382506,16,130.95016770760088
909,42.069208972892376,79.47315963252495,14,372.449308793485
910,-22.621027705245133,-63.695456228741655,21,196.69880048224823
911,36.36753904806964,-90.22671300330056,31,162.31994158769965
912,51.95068410497951,-9.793243873188057,25,181.32184703555072
913,-41.54090371413078,164.0659925009944,5,467.8174179502614
914,54.05693725309053,96.18715127481352,14,202.3704401059533
915,57.908158725462556,18.773780057704624,16,164.8036116162146
916,8.729099041941904,-19.915272784746815,3,152.38092059567538
917,40.28235854815243,-99.08518327750454,14,161.78896380996613
918,33.75976294909601,-93.09969920403627,26,186.3914092805771
919,51.22182758903981,0.1401933071627432,20,168.60284471395153
920,35.76575722840066,13.774983922234503,18,202.3538257617754
921,57.82746993057605,43.1008508223011,31,156.0125483735713
922,-13.01875321536961,-11.11199178062273,4,499.14427991425737
923,69.78455949328927,-121.84505033362127,22,477.1999959690625
924,-16.5891375798226,-71.90597411690561,22,193.44490172862106
925,44.54311699222362,37.7644775286046,19,228.46046027266058
926,50.368602730400006,76.13883470356988,17,192.9787864866642
927,-8.650450635555691,-35.770242108200875,13,472.89189080146593
928,-38.7651740433085,-58.262422972329034,22,236.9722476453155
929,9.418509599822832,2.72038403747167,14,236.2396793094455
930,51.97227336665787,103.38488568318719,29,206.960741114582
931,46.92679419108185,103.15605246871493,19,168.36650966226878
932,38.40884925129166,-85.19367710939237,27,167.18410372457507
933,69.86696824039463,33.14932707095875,26,248.0622808074622
934,-21.40838887778594,45.79364839553803,7,355.33506392807607
935,-34.89582829765151,-68.1770161248376,27,150.79041342361847
936,3.9504188256105937,124.87303983684322,5,215.12780067325758
937,57.393160645780654,-117.77952111599927,34,233.52539147008503
938,44.911289942595474,110.96818979428106,21,211.07960264557482
939,-43.69412296896007,-62.90578007546202,11,223.68182317197022
940,9.84065202755013,117.0970594547256,5,220.16472799025755
941,-25.63297163721136,31.195961347437745,18,118.62163883990222
942,11.017358563482707,-11.96724666547943,9,246.82023846511794
943,10.586426143989161,-111.44960960291897,1,281.02308897572874
944,24.914938798326013,46.393241726625426,2,195.00042274993476
945,-14.348114400564985,-77.20253462770035,12,391.3994141790983
946,49.44951724784277,5.572304997376467,37,185.67780625700513
947,-15.851421679070677,28.43912637144132,17,247.84820416155492
948,12.975968404829477,26.547762867891553,12,229.8767779806052
949,-36.85509530656942,120.14404170191382,8,195.1077197627269
950,45.05352938743775,24.582414587779464,23,166.07055532011378
951,-23.244912599040884,22.46770828437132,14,212.64367032286876
952,2.475749678213704,-60.00709148825492,17,383.4684917989455
953,40.82412171606384,5.281250750178858,18,186.32017779655388
954,-13.027808049255784,139.90913497589034,8,286.0817002616116
955,41.4247143889158,15.135071009680589,24,176.15497629147762
956,-3.7541671787497033,115.16392850299826,8,276.3278526650152
957,-30.761057496045428,21.81145406443197,20,197.98717734951836
958,22.16558873897611,70.29846092546785,6,99.16311462781931
959,76.39667476690686,14.244820376720861,1,366.5699553902054
960,54.62405595770906,31.31117684137759,17,188.91879263962875
961,67.86101939216178,-1.7126629740017976,5,256.6441350484508
962,57.9151616782487,32.17988682042411,36,155.81241367802954
963,50.23653875261016,99.98334201541243,20,179.00814564759588
964,68.15184456788397,-94.36057059275356,7,442.85415651704074
965,70.91187314152191,67.45994041633307,13,217.12634765488755
966,26.86781005369831,-94.03856383545406,7,224.19955952608782
967,58.538053591346035,77.87619938001338,15,189.12163721089772
968,41.518791100177175,-85.20829526930738,25,152.7964539080083
969,-18.527876409453782,-50.37491189882003,16,171.59262924005725
970,39.88752938838621,-122.44191096244616,24,210.45156540013173
971,54.79759279955363,17.87472349893749,25,165.36817835264554
972,-37.82546628725552,143.50145641880792,34,188.16182049238324
973,43.34417028673284,-114.3050450824002,30,209.57337715969402
974,45.838800364240775,75.00458059738543,14,196.09634250759058
975,-8.98302656026949,-54.7328340355859,14,217.8511402085021
976,28.90058140649912,-117.96025191951016,8,221.7491555885758
977,60.24634283940045,105.4815012836517,6,146.77222404490968
978,28.48923662116297,77.41212431229049,31,186.76387926879832
979,-33.096110179948596,-71.3332354699237,37,357.58889629337415
980,28.480239268651218,-99.94273788254006,23,183.20724701806895
981,59.79841765538315,110.45947332263168,11,221.210092769584
982,49.085597269866945,-127.54851211187558,21,324.3947808044738
983,23.654040787660048,77.55962038049579,14,240.60244759571574
984,-24.434748771149675,-51.261188918812486,20,212.92529187277685
985,41.712373966230395,12.301133816822968,17,163.83123287264482
986,-19.8938954853537,112.87855034175524,5,242.9764489973175
987,-37.25789745120537,-53.36581877298171,11,339.3853324914958
988,56.190409026996555,-4.16830669864103,18,107.89345633374244
989,45.00166583718257,30.303883941526877,16,253.16260509527498
990,-30.503088189832884,149.58807729617723,12,169.25640817053213
991,13.654916353936706,120.924751861681,10,161.03039698173964
992,62.48266645844544,28.28713868538417,27,156.17807118610952
993,44.85611802175679,-105.88292163509463,22,195.6225324857376
994,-26.09364082006924,-36.07609471897725,3,449.78984865149084
995,4.3480074060889065,7.815626167336588,19,268.06205725495454
996,-11.999373381708036,48.19162675917802,8,651.5267365565905
997,7.4739841070425355,79.03228764569222,6,234.4317053106318
998,53.50324052739868,82.0603408089761,26,200.91948300008886
999,-36.57146305749113,-70.63576941437502,22,155.09795119178742
